"IDalimentos","Categoria","Nombre","Unidades","Cantidad","imagen","fecha de vencimiento","NombreCategoria","Precio","Total","Agregar Cantidad","Fecha","Descontar cant de ventas?","Notificar a whatsapp","apartir de cantidad","Enviar si o no","Disponible","Contador","Image Url","Llevar control en caja","Contador 2","imagencard","createdAt","updatedAt"
"00eecdcc","0d04f633","Fresa intensa SL","TARRO 6L",24,"",NULL,NULL,NULL,"$0.00",NULL,"2025-08-14","NO","NO",NULL,"NO ENVIAR","Disponible: 5",NULL,NULL,"NO",NULL,"",NULL,NULL
"0198226c","0d04f632","Mora Azul","TARRO 6L",152,"",NULL,NULL,"$32,000.00","$4,864,000.00",NULL,"2025-12-24","NO","SI",2,"NO ENVIAR","Disponible: 5",15,"https://www.appsheet.com/template/gettablefileurl?appName=QHuboMor-7868274&tableName=INSUMOS&fileName=",NULL,48,NULL,NULL,NULL
"01c93a61","d30a10d9","Chips de chocolate","500 Gr",7,"INSUMOS_Images/01c93a61.imagen.222510.jpg",NULL,NULL,"$11,800.00","$82,600.00",NULL,"2025-06-05","NO","NO",NULL,"NO ENVIAR","Disponible: 0",NULL,"","NO",4,NULL,NULL,NULL
"02ed641f","0d04f632","Piña colada","TARRO 6L",7,"",NULL,NULL,"$55,000.00","$385,000.00",NULL,"2025-02-28","NO","NO",NULL,"NO ENVIAR","Disponible: 0",1,"https://www.appsheet.com/template/gettablefileurl?appName=QHuboMor-7868274&tableName=INSUMOS&fileName=",NULL,6,NULL,NULL,NULL
"0575abd2","e7600118","Paños D1","Paquete 120 unidades",2,"",NULL,NULL,"$5,000.00","$10,000.00",NULL,"2025-06-09","NO","NO",1,"ENVIAR","Disponible: 0",44,NULL,"NO",3,"https://www.appsheet.com/image/getimageurl?appName=QHuboMorv21-7868274&tableName=INSUMOS&fileName=IMAGENES%2F0575abd2_20250514_153607.png",NULL,NULL
"0ddb71f2","d30a10d9","Cintas acidas trululu","TARRO X120",245,"INSUMOS_Images/0ddb71f2.imagen.162630.png",NULL,NULL,"$21,500.00","$5,267,500.00",NULL,"2025-11-30","NO","NO",3,"ENVIAR","Disponible: 0",2,"","NO",73,"https://www.appsheet.com/image/getimageurl?appName=QHuboMorv21-7868274&tableName=INSUMOS&fileName=IMAGENES%2F0ddb71f2_20250824_143333.png",NULL,NULL
"0e9b9051","d30a10d9","Trululu nano*13","Paquete×13",379,"INSUMOS_Images/0e9b9051.imagen.150808.jpg",NULL,NULL,"$1,667.00","$631,793.00",NULL,"2025-12-31","NO","NO",NULL,"NO ENVIAR","Disponible: 144",NULL,NULL,"NO",NULL,"",NULL,NULL
"105a563c","4ff5b09a","Copas 1 onz","PAQUETES X100",3,"",NULL,NULL,"$3,700.00","$11,100.00",NULL,"2025-06-20","NO","NO",NULL,"NO ENVIAR","Disponible: 2",NULL,NULL,"NO",NULL,"",NULL,NULL
"1177b27a","d30a10d9","Boli pop","Bolsa 1Kg",11,"INSUMOS_Images/1177b27a.imagen.164818.jpg",NULL,NULL,"$30,800.00","$338,800.00",NULL,"2025-10-29","NO","NO",NULL,"NO ENVIAR","Disponible: 0",NULL,NULL,"NO",NULL,NULL,NULL,NULL
"11c3f9ec","4ff5b09a","Copas 0.5 onz","PAQUETES X100",15,"",NULL,NULL,"$3,800.00","$57,000.00",2,"2025-12-22","NO","NO",NULL,"NO ENVIAR","Disponible: 4",NULL,NULL,"NO",NULL,"",NULL,NULL
"156f0c2d","4ff5b09a","Palillo el sol","PAQUETES X100",7,"",NULL,NULL,"$700.00","$4,900.00",NULL,"2025-12-22","NO","NO",NULL,"NO ENVIAR","Disponible: 6",NULL,NULL,"NO",NULL,"",NULL,NULL
"19a03ad9","d30a10d9","Extra shot Whisky 500ml","BOLSA X500mL",2,"INSUMOS_Images/19a03ad9.imagen.140649.jpg",NULL,NULL,"$15,000.00","$30,000.00",1,"2025-02-11","NO","NO",2,"ENVIAR","Disponible: 2",3,"https://www.appsheet.com/template/gettablefileurl?appName=QHuboMor-7868274&tableName=INSUMOS&fileName=INSUMOS_Images/19a03ad9.imagen.140649.jpg",NULL,NULL,NULL,NULL,NULL
"1cdc89bf","0d04f633","Frutal de mango biche","BOLSA DE 3100 GR",3,"",NULL,NULL,"$31,750.00","$95,250.00",NULL,"2025-02-28","NO","NO",1,"ENVIAR","Disponible: 0",NULL,"","NO",9,NULL,NULL,NULL
"1d60221c","d30a10d9","Extra shot Ginebra 500ml","BOLSA X500mL",2,"",NULL,NULL,"$15,000.00","$30,000.00",NULL,"2025-02-11","NO","NO",NULL,"NO ENVIAR","Disponible: 2",2,"https://www.appsheet.com/template/gettablefileurl?appName=QHuboMor-7868274&tableName=INSUMOS&fileName=",NULL,NULL,NULL,NULL,NULL
"1dd4f975","0d04f633","Cereza","TARRO 6L",26,"",NULL,NULL,"$28,000.00","$728,000.00",NULL,"2025-07-26","NO","NO",2,"NO ENVIAR","Disponible: 20",NULL,NULL,"NO",NULL,NULL,NULL,NULL
"1f077d1a","d30a10d9","Adicional de dulces","1 Paquete",223,"",NULL,NULL,"$2,000.00","$446,000.00",1,"2026-01-09","SI","NO",NULL,"NO ENVIAR","Disponible: 0",12,NULL,"SI",11,"https://www.appsheet.com/image/getimageurl?appName=QHuboMorv21-7868274&tableName=INSUMOS&fileName=IMAGENES%2F1f077d1a_20250928_132833.png",NULL,NULL
"20475d71","0d04f632","Nerds alcohol","TARRO 6L",114,"",NULL,NULL,"$32,000.00","$3,648,000.00",4,"2026-01-08","NO","SI",2,"NO ENVIAR","Disponible: 14",9,"https://www.appsheet.com/template/gettablefileurl?appName=QHuboMor-7868274&tableName=INSUMOS&fileName=","NO",39,"https://www.appsheet.com/image/getimageurl?appName=QHuboMorv21-7868274&tableName=INSUMOS&fileName=IMAGENES%2F20475d71_20250926_133213.png",NULL,NULL
"20475d72","0d04f632","Margarita Tahiti alcohol","TARRO 6L",0,"",NULL,NULL,"$32,000.00","$0.00",4,"2025-02-11","NO","NO",NULL,"NO ENVIAR","Disponible: 0",1,"https://www.appsheet.com/template/gettablefileurl?appName=QHuboMor-7868274&tableName=INSUMOS&fileName=",NULL,NULL,NULL,NULL,NULL
"20475d73","0d04f632","Crema de coco alcohol","TARRO 6L",0,"",NULL,NULL,"$55,000.00","$0.00",NULL,"2025-02-11","NO","NO",NULL,"NO ENVIAR","Disponible: 0",1,"https://www.appsheet.com/template/gettablefileurl?appName=QHuboMor-7868274&tableName=INSUMOS&fileName=",NULL,1,NULL,NULL,NULL
"20475d74","0d04f632","Crema de fresa","TARRO 6L",0,"",NULL,NULL,"$55,000.00","$0.00",NULL,"2025-02-11","NO","NO",NULL,"NO ENVIAR","Disponible: 0",1,"https://www.appsheet.com/template/gettablefileurl?appName=QHuboMor-7868274&tableName=INSUMOS&fileName=",NULL,1,NULL,NULL,NULL
"20475d75","0d04f632","Summer Fantasy alcohol","TARRO 6L",8,"",NULL,NULL,"$32,000.00","$256,000.00",4,"2025-05-14","NO","NO",NULL,"NO ENVIAR","Disponible: 0",9,"https://www.appsheet.com/template/gettablefileurl?appName=QHuboMor-7868274&tableName=INSUMOS&fileName=",NULL,4,NULL,NULL,NULL
"20475d76","0d04f632","Ojo de diablo alcohol","TARRO 6L",249,"",NULL,NULL,"$32,000.00","$7,968,000.00",12,"2025-12-23","NO","SI",2,"NO ENVIAR","Disponible: 24",21,"https://www.appsheet.com/template/gettablefileurl?appName=QHuboMor-7868274&tableName=INSUMOS&fileName=","NO",78,"https://www.appsheet.com/image/getimageurl?appName=QHuboMorv21-7868274&tableName=INSUMOS&fileName=IMAGENES%2F20475d76_20250914_115311.png",NULL,NULL
"20475d77","0d04f632","Mango Tequila alcohol","TARRO 6L",65,"",NULL,NULL,"$32,000.00","$2,080,000.00",2,"2025-12-27","NO","SI",NULL,"NO ENVIAR","Disponible: 4",15,"https://www.appsheet.com/template/gettablefileurl?appName=QHuboMor-7868274&tableName=INSUMOS&fileName=","NO",27,NULL,NULL,NULL
"20475d78","0d04f632","SelvatiK alcohol","BOLSA 300mL",78,"",NULL,NULL,"$32,000.00","$2,496,000.00",4,"2025-12-23","NO","SI",2,"NO ENVIAR","Disponible: 4",15,"https://www.appsheet.com/template/gettablefileurl?appName=QHuboMor-7868274&tableName=INSUMOS&fileName=",NULL,29,NULL,NULL,NULL
"20475d79","0d04f632","Nápoles","TARRO 6L",60,"",NULL,NULL,"$32,000.00","$1,920,000.00",NULL,"2025-12-24","NO","NO",NULL,"NO ENVIAR","Disponible: 8",1,"https://www.appsheet.com/template/gettablefileurl?appName=QHuboMor-7868274&tableName=INSUMOS&fileName=",NULL,NULL,NULL,NULL,NULL
"20475d7b","0d04f632","Tussi","TARRO 6L",108,"",NULL,NULL,"$32,000.00","$3,456,000.00",12,"2025-12-27","NO","NO",2,"NO ENVIAR","Disponible: 6",14,"https://www.appsheet.com/template/gettablefileurl?appName=QHuboMor-7868274&tableName=INSUMOS&fileName=","NO",41,NULL,NULL,NULL
"20475d80","0d04f632","Martini Green","TARRO 6L",11,"",NULL,NULL,"$32,000.00","$352,000.00",NULL,"2026-01-11","NO","NO",2,"NO ENVIAR","Disponible: 4",1,"https://www.appsheet.com/template/gettablefileurl?appName=QHuboMor-7868274&tableName=INSUMOS&fileName=","NO",NULL,NULL,NULL,NULL
"20475d81","0d04f632","Santorini","TARRO 6L",15,"",NULL,NULL,"$32,000.00","$480,000.00",2,"2025-08-25","NO","NO",2,"ENVIAR","Disponible: 2",1,"https://www.appsheet.com/template/gettablefileurl?appName=QHuboMor-7868274&tableName=INSUMOS&fileName=","NO",6,NULL,NULL,NULL
"20475d82","0d04f632","Vish edition","TARRO 6L",0,"",NULL,NULL,"$32,000.00","$0.00",NULL,"2025-03-01","NO","NO",2,"ENVIAR","Disponible: 0",2,"https://www.appsheet.com/template/gettablefileurl?appName=QHuboMor-7868274&tableName=INSUMOS&fileName=",NULL,NULL,NULL,NULL,NULL
"20475d83","0d04f633","bombonbum","TARRO 6L",442,"",NULL,NULL,"$28,000.00","$12,376,000.00",10,"2026-01-08","NO","SI",2,"NO ENVIAR","Disponible: 50",28,"https://www.appsheet.com/template/gettablefileurl?appName=QHuboMor-7868274&tableName=INSUMOS&fileName=","NO",120,NULL,NULL,NULL
"20475d84","0d04f633","manzana verde","TARRO 6L",0,"",NULL,NULL,"$28,000.00","$0.00",1,"2025-02-11","NO","NO",NULL,"NO ENVIAR","Disponible: 0",1,"https://www.appsheet.com/template/gettablefileurl?appName=QHuboMor-7868274&tableName=INSUMOS&fileName=",NULL,NULL,NULL,NULL,NULL
"20475d85","0d04f633","venom","TARRO 6L",0,"",NULL,NULL,"$28,000.00","$0.00",4,"2025-02-11","NO","NO",NULL,"NO ENVIAR","Disponible: 0",1,"https://www.appsheet.com/template/gettablefileurl?appName=QHuboMor-7868274&tableName=INSUMOS&fileName=",NULL,NULL,NULL,NULL,NULL
"20475d86","0d04f633","miami","TARRO 6L",0,"",NULL,NULL,"$28,000.00","$0.00",4,"2025-02-11","NO","NO",NULL,"NO ENVIAR","Disponible: 0",1,"https://www.appsheet.com/template/gettablefileurl?appName=QHuboMor-7868274&tableName=INSUMOS&fileName=",NULL,NULL,NULL,NULL,NULL
"21afd64c","d30a10d9","Oka loca x12","PAQUETES X12",530,"INSUMOS_Images/21afd64c.imagen.163154.png","2023-04-03",NULL,"$20,417.00","$10,821,010.00",12,"2026-01-08","NO","NO",3,"NO ENVIAR","Disponible: 12",34,"https://www.appsheet.com/template/gettablefileurl?appName=QHuboMor-7868274&tableName=INSUMOS&fileName=INSUMOS_Images/21afd64c.imagen.163154.png",NULL,119,"https://www.appsheet.com/image/getimageurl?appName=QHuboMorv21-7868274&tableName=INSUMOS&fileName=IMAGENES%2F21afd64c_20251108_084528.png",NULL,NULL
"27ea1f44","d30a10d9","Barquillo Chocolate","25 Unidades",3,"INSUMOS_Images/27ea1f44.imagen.222538.jpg",NULL,NULL,NULL,"$0.00",NULL,"2025-06-14","NO","NO",NULL,"NO ENVIAR","Disponible: 0",NULL,"","NO",1,NULL,NULL,NULL
"290aff6e","d30a10d9","Trolli Hallowen","Bolsa X50",21,"INSUMOS_Images/290aff6e.imagen.164206.jpg",NULL,NULL,"$7,700.00","$161,700.00",NULL,"2025-10-31","NO","NO",3,"NO ENVIAR","Disponible: 6",NULL,"","NO",9,NULL,NULL,NULL
"2acc88b4","0d04f633","Santorini sin licor","TARRO 6L",14,"",NULL,NULL,"$28,000.00","$392,000.00",NULL,"2025-06-09","NO","NO",NULL,"NO ENVIAR","Disponible: 6",NULL,NULL,"NO",NULL,NULL,NULL,NULL
"2b9855e7","0d04f633","Mora azul sin licor","TARRO 6L",163,"",NULL,NULL,"$28,000.00","$4,564,000.00",NULL,"2026-01-01","NO","NO",2,"NO ENVIAR","Disponible: 19",8,"https://www.appsheet.com/template/gettablefileurl?appName=QHuboMor-7868274&tableName=INSUMOS&fileName=",NULL,1,NULL,NULL,NULL
"2d6008e1","4ff5b09a","Bolsa hermetica 8X10","PAQUETES X100",26,"",NULL,NULL,"$300.00","$7,800.00",NULL,"2026-01-04","NO","NO",NULL,"NO ENVIAR","Disponible: 0",NULL,NULL,"NO",NULL,"",NULL,NULL
"2e8a1d6b","0d04f632","Four loko blue","TARRO 6L",0,"",NULL,NULL,"$32,000.00","$0.00",4,"2025-02-11","NO","NO",2,"ENVIAR","Disponible: 0",1,"https://www.appsheet.com/template/gettablefileurl?appName=QHuboMor-7868274&tableName=INSUMOS&fileName=","NO",NULL,NULL,NULL,NULL
"2ec1703b","4ff5b09a","Servilletas","PAQUETES X100",30,"",NULL,NULL,"$2,200.00","$66,000.00",NULL,"2025-12-27","NO","SI",1,"NO ENVIAR","Disponible: 5",1,NULL,"NO",NULL,"https://www.appsheet.com/image/getimageurl?appName=QHuboMorv21-7868274&tableName=INSUMOS&fileName=IMAGENES%2F2ec1703b_20250514_153718.png",NULL,NULL
"3047deff","0d04f633","Summer fantasy SL","TARRO 6L",24,"",NULL,NULL,"$28,000.00","$672,000.00",NULL,"2025-12-12","NO","NO",NULL,"NO ENVIAR","Disponible: 8",NULL,NULL,"NO",NULL,"",NULL,NULL
"318c6510","0d04f632","Pasion Purpura","TARRO 6L",103,"",NULL,NULL,"$32,000.00","$3,296,000.00",NULL,"2025-12-27","NO","SI",2,"NO ENVIAR","Disponible: 6",NULL,"","NO",23,NULL,NULL,NULL
"33e0b56f","0d04f632","Venom","TARRO 6L",58,"",NULL,NULL,"$32,000.00","$1,856,000.00",NULL,"2025-12-14","NO","NO",NULL,"NO ENVIAR","Disponible: 16",2,NULL,"NO",2,"https://www.appsheet.com/image/getimageurl?appName=QHuboMorv21-7868274&tableName=INSUMOS&fileName=IMAGENES%2F33e0b56f_20250927_121858.png",NULL,NULL
"35dbe1bc","0a665a65","Jack Daniels","50mL",3,"INSUMOS_Images/35dbe1bc.imagen.202243.jpg",NULL,NULL,"$11,000.00","$33,000.00",3,"2025-08-17","SI","NO",NULL,"NO ENVIAR","Disponible: 1",1,NULL,"SI",1,"https://www.appsheet.com/image/getimageurl?appName=QHuboMorv21-7868274&tableName=INSUMOS&fileName=IMAGENES%2F35dbe1bc_20250817_180922.png",NULL,NULL
"35eef416","d30a10d9","Perlas explosivas bubols","1.100 kg",1,"",NULL,NULL,"$38,500.00","$38,500.00",NULL,"2025-06-28","NO","NO",NULL,"NO ENVIAR","Disponible: 1",NULL,NULL,"NO",NULL,"",NULL,NULL
"39c238a0","d30a10d9","Franki trululu x11","Paquete x11",21,"INSUMOS_Images/39c238a0.imagen.204619.jpg",NULL,NULL,"$2,000.00","$42,000.00",NULL,"2025-10-31","NO","NO",NULL,"NO ENVIAR","Disponible: 6",NULL,NULL,"NO",NULL,"",NULL,NULL
"43e94c32","4ff5b09a","Bolsa de basura",NULL,12,"",NULL,NULL,"$2,700.00","$32,400.00",NULL,"2025-12-22","NO","NO",NULL,"NO ENVIAR","Disponible: 3",NULL,NULL,"NO",NULL,"",NULL,NULL
"442e96cd","d30a10d9","Sandia Perlas explosivas 480g","480 gr",0,"INSUMOS_Images/442e96cd.imagen.140537.jpg",NULL,NULL,"$19,000.00","$0.00",NULL,"2025-02-11","NO","NO",2,"ENVIAR","Disponible: 0",1,"https://www.appsheet.com/template/gettablefileurl?appName=QHuboMor-7868274&tableName=INSUMOS&fileName=INSUMOS_Images/442e96cd.imagen.140537.jpg",NULL,NULL,NULL,NULL,NULL
"485cb7d3","0d04f632","Four loko gold","TARRO 6L",73,"",NULL,NULL,"$32,000.00","$2,336,000.00",4,"2025-12-25","NO","NO",2,"NO ENVIAR","Disponible: 4",10,"https://www.appsheet.com/template/gettablefileurl?appName=QHuboMor-7868274&tableName=INSUMOS&fileName=","NO",23,NULL,NULL,NULL
"48cd95a1","0d04f632","Mojitik","TARRO 6L",44,"",NULL,NULL,"$32,000.00","$1,408,000.00",NULL,"2026-01-08","NO","NO",NULL,"NO ENVIAR","Disponible: 8",1,"https://www.appsheet.com/template/gettablefileurl?appName=QHuboMor-7868274&tableName=INSUMOS&fileName=",NULL,NULL,NULL,NULL,NULL
"4b5804e8","d30a10d9","Tajín 400gr","400 gr",6,"INSUMOS_Images/4b5804e8.imagen.195934.jpg",NULL,NULL,"$26,300.00","$157,800.00",NULL,"2025-12-29","NO","NO",NULL,"NO ENVIAR","Disponible: 1",NULL,NULL,"NO",NULL,"",NULL,NULL
"5184faf6","d30a10d9","Gusanos Grisly X200","TARRO X200",0,"INSUMOS_Images/5184faf6.imagen.163425.jpg","2023-04-03",NULL,"$17,500.00","$0.00",12,"2025-02-11","NO","NO",2,"ENVIAR","Disponible: 0",1,"https://www.appsheet.com/template/gettablefileurl?appName=QHuboMor-7868274&tableName=INSUMOS&fileName=INSUMOS_Images/5184faf6.imagen.163425.jpg",NULL,NULL,NULL,NULL,NULL
"5243aeda","4ff5b09a","Palillo el sol","Unidad",6,"",NULL,NULL,"$700.00","$4,200.00",2,"2025-09-25","NO","NO",NULL,"NO ENVIAR","Disponible: 6",NULL,NULL,"NO",NULL,"",NULL,NULL
"545b38b1","0d04f633","Mango Maduro","TARRO 6L",14,"",NULL,NULL,"$28,000.00","$392,000.00",NULL,"2025-04-05","NO","NO",NULL,"NO ENVIAR","Disponible: 8",NULL,NULL,"NO",NULL,NULL,NULL,NULL
"5539a668","d30a10d9","Extra shot Tequila 500ml","BOLSA X500mL",3,"INSUMOS_Images/5539a668.imagen.140623.jpg",NULL,NULL,"$15,000.00","$45,000.00",1,"2025-02-11","NO","NO",NULL,"NO ENVIAR","Disponible: 3",2,"https://www.appsheet.com/template/gettablefileurl?appName=QHuboMor-7868274&tableName=INSUMOS&fileName=INSUMOS_Images/5539a668.imagen.140623.jpg",NULL,NULL,NULL,NULL,NULL
"566db5ad","d30a10d9","Barquillo Vainilla","25 Unidades",4,"",NULL,NULL,"$13,100.00","$52,400.00",NULL,"2025-04-26","NO","NO",NULL,"NO ENVIAR","Disponible: 2",NULL,"","NO",3,NULL,NULL,NULL
"580d609c","0d04f633","Frutal maracupiña","BOLSA DE 3100 GR",6,"",NULL,NULL,"$34,560.00","$207,360.00",NULL,"2025-05-09","NO","NO",1,"NO ENVIAR","Disponible: 2",NULL,"","NO",2,NULL,NULL,NULL
"5e6f4f63","0d04f632","Four loko pink","TARRO 6L",49,"",NULL,NULL,"$32,000.00","$1,568,000.00",NULL,"2025-12-25","NO","NO",2,"NO ENVIAR","Disponible: 10",5,"https://www.appsheet.com/template/gettablefileurl?appName=QHuboMor-7868274&tableName=INSUMOS&fileName=","NO",4,NULL,NULL,NULL
"63203842","d30a10d9","Cintas Acidas Fini x 260","x260 unidades",57,"",NULL,NULL,"$46,250.00","$2,497,500.00",NULL,"2026-01-09","NO","NO",NULL,"NO ENVIAR","Disponible: 4",NULL,NULL,"NO",NULL,"",NULL,NULL
"66abe153","d30a10d9","Chantilly","Tarro de 50 gr",6,"",NULL,NULL,"$10,850.00","$65,100.00",NULL,"2025-11-30","NO","NO",1,"ENVIAR","Disponible: 0",NULL,NULL,"NO",NULL,NULL,NULL,NULL
"6d6aaa79","d30a10d9","Cereza Perlas explosivas 480g","480 gr",1,"INSUMOS_Images/6d6aaa79.imagen.140510.jpg",NULL,NULL,"$15,300.00","$15,300.00",1,"2025-02-11","NO","NO",2,"ENVIAR","Disponible: 0",2,"https://www.appsheet.com/template/gettablefileurl?appName=QHuboMor-7868274&tableName=INSUMOS&fileName=INSUMOS_Images/6d6aaa79.imagen.140510.jpg",NULL,1,NULL,NULL,NULL
"738813f5","0d04f633","Frutal limonada de sandia","BOLSA DE 3100 GR",4,"",NULL,NULL,"$34,560.00","$138,240.00",NULL,"2025-05-08","NO","NO",NULL,"NO ENVIAR","Disponible: 2",NULL,NULL,"NO",NULL,NULL,NULL,NULL
"74732c3e","4ff5b09a","Tapas x 100 12 onz","Bolsa X100",3,"",NULL,NULL,"$29,000.00","$87,000.00",NULL,"2025-12-18","NO","NO",NULL,"NO ENVIAR","Disponible: 1",NULL,NULL,"NO",NULL,"",NULL,NULL
"7484d92f","d30a10d9","Glaseado de mango","BOLSA X250g",6,"",NULL,NULL,"$9,000.00","$54,000.00",NULL,"2025-12-27","NO","NO",NULL,"NO ENVIAR","Disponible: 2",1,"https://www.appsheet.com/template/gettablefileurl?appName=QHuboMor-7868274&tableName=INSUMOS&fileName=",NULL,NULL,NULL,NULL,NULL
"77afc059","d30a10d9","Fruna Mini aros X100","Bolsa X100",64,"INSUMOS_Images/77afc059.imagen.062324.jpg",NULL,NULL,"$6,813.00","$327,024.00",NULL,"2026-01-09","NO","NO",NULL,"NO ENVIAR","Disponible: 18",NULL,NULL,"NO",NULL,"",NULL,NULL
"78b8732a","4ff5b09a","Vasos de 13 onz","25 Unidades",24,"INSUMOS_Images/78b8732a.imagen.050727.png",NULL,NULL,"$3,000.00","$72,000.00",NULL,"2025-05-14","NO","NO",NULL,"NO ENVIAR","Disponible: 3",3,NULL,"SI",NULL,"https://www.appsheet.com/image/getimageurl?appName=QHuboMorv21-7868274&tableName=INSUMOS&fileName=IMAGENES%2F78b8732a_20250514_180154.png",NULL,NULL
"7a27a562","4ff5b09a","Bolsa T30","X1000",3,"",NULL,NULL,"$6,500.00","$19,500.00",NULL,"2025-12-22","NO","NO",NULL,"NO ENVIAR","Disponible: 1",NULL,NULL,"NO",NULL,"",NULL,NULL
"7e7b5b8d","d30a10d9","Paletas corazon x50","Bolsa X50",913,"INSUMOS_Images/7e7b5b8d.imagen.151705.jpg","2023-04-03",NULL,"$4,790.00","$4,373,270.00",6,"2026-01-09","NO","SI",3,"NO ENVIAR","Disponible: 27",622,"https://www.appsheet.com/template/gettablefileurl?appName=QHuboMor-7868274&tableName=INSUMOS&fileName=INSUMOS_Images/7e7b5b8d.imagen.151705.jpg","NO",167,"https://www.appsheet.com/image/getimageurl?appName=QHuboMorv21-7868274&tableName=INSUMOS&fileName=IMAGENES%2F7e7b5b8d_20250830_094419.png",NULL,NULL
"8021d230","d30a10d9","Tajin","142 Gr",9,"INSUMOS_Images/8021d230.imagen.163342.jpg",NULL,NULL,"$14,200.00","$127,800.00",NULL,"2025-10-29","NO","NO",NULL,"NO ENVIAR","Disponible: 0",NULL,NULL,"NO",NULL,NULL,NULL,NULL
"811babd8","0d04f633","Frutal de coco","BOLSA DE 3100 GR",0,"",NULL,NULL,"$32,000.00","$0.00",NULL,"2025-02-11","NO","NO",1,"ENVIAR","Disponible: 0",NULL,"","NO",2,NULL,NULL,NULL
"8979ada5","0a665a65","Chivas Regal","50mL",5,"INSUMOS_Images/8979ada5.imagen.202432.jpg",NULL,NULL,"$14,000.00","$70,000.00",-4,"2025-09-05","SI","NO",NULL,"NO ENVIAR","Disponible: 0",2,NULL,"SI",2,"https://www.appsheet.com/image/getimageurl?appName=QHuboMorv21-7868274&tableName=INSUMOS&fileName=IMAGENES%2F8979ada5_20250823_182834.png",NULL,NULL
"8afdc4b7","0d04f632","Crema de baylies sweet","TARRO 6L",4,"",NULL,NULL,"$43,200.00","$172,800.00",NULL,"2025-05-12","NO","NO",NULL,"NO ENVIAR","Disponible: 0",NULL,NULL,"NO",NULL,NULL,NULL,NULL
"91be58b7","0d04f633","Pasión púrpura sin licor","TARRO 6L",97,"",NULL,NULL,"$28,000.00","$2,716,000.00",-16,"2025-12-19","NO","NO",NULL,"NO ENVIAR","Disponible: 16",NULL,NULL,"NO",NULL,NULL,NULL,NULL
"937c0fa5","4ff5b09a","Pitillos","Unidad",50728,"INSUMOS_Images/937c0fa5.imagen.141845.jpg",NULL,NULL,"$53.00","$2,688,584.00",450,"2026-04-30","SI","SI",200,"NO ENVIAR","298",17844,"","NO",19,"https://www.appsheet.com/image/getimageurl?appName=QHuboMorv21-7868274&tableName=INSUMOS&fileName=IMAGENES%2F937c0fa5_20251031_160456.png",NULL,NULL
"943208db","d30a10d9","Glaseado maracuyá","BOLSA X250g",1,"",NULL,NULL,"$9,000.00","$9,000.00",NULL,"2025-06-12","NO","NO",NULL,"NO ENVIAR","Disponible: 0",NULL,NULL,"NO",NULL,"",NULL,NULL
"9548d179","0d04f632","Coco de rumba","TARRO 6L",0,"",NULL,NULL,"$32,000.00","$0.00",NULL,"2026-01-07","NO","NO",NULL,"NO ENVIAR","Disponible: 0",NULL,NULL,"NO",NULL,"",NULL,NULL
"96ad2e7c","d30a10d9","Gusanos trululu X100","PAQUETES X100",0,"INSUMOS_Images/96ad2e7c.imagen.010942.jpg",NULL,NULL,"$182,400.00","$0.00",1,"2025-02-11","NO","NO",2,"ENVIAR","Disponible: 0",1,"https://www.appsheet.com/template/gettablefileurl?appName=QHuboMor-7868274&tableName=INSUMOS&fileName=INSUMOS_Images/96ad2e7c.imagen.010942.jpg",NULL,NULL,NULL,NULL,NULL
"9c74a1fb","d30a10d9","Cintas acidas x72","TARRO X72",6,"INSUMOS_Images/9c74a1fb.imagen.163506.jpg","2023-04-03",NULL,"$15,000.00","$90,000.00",13,"2025-02-11","NO","NO",3,"ENVIAR","Disponible: 0",39,"https://www.appsheet.com/template/gettablefileurl?appName=QHuboMor-7868274&tableName=INSUMOS&fileName=INSUMOS_Images/9c74a1fb.imagen.163506.jpg","NO",19,NULL,NULL,NULL
"9cef50a1","0d04f632","Jagger","TARRO 6L",30,"",NULL,NULL,"$32,000.00","$960,000.00",NULL,"2025-11-29","NO","NO",NULL,"NO ENVIAR","Disponible: 4",1,"https://www.appsheet.com/template/gettablefileurl?appName=QHuboMor-7868274&tableName=INSUMOS&fileName=",NULL,NULL,NULL,NULL,NULL
"9d3a34a3","d30a10d9","Anaconda Trollis X 200","TARRO X200",242,"INSUMOS_Images/9d3a34a3.imagen.223021.png",NULL,NULL,"$6,563.00","$1,588,246.00",-16,"2025-12-29","NO","NO",3,"ENVIAR","Disponible: 0",36,"https://www.appsheet.com/template/gettablefileurl?appName=QHuboMor-7868274&tableName=INSUMOS&fileName=INSUMOS_Images/9d3a34a3.imagen.223021.png",NULL,101,NULL,NULL,NULL
"9dbd9421","0d04f633","Caipirih sin licor","TARRO 6L",76,"",NULL,NULL,"$28,000.00","$2,128,000.00",NULL,"2026-01-07","NO","NO",2,"NO ENVIAR","Disponible: 4",1,"","NO",6,NULL,NULL,NULL
"a22d63d8","0d04f633","Tussi sin licor","TARRO 6L",96,"",NULL,NULL,"$28,000.00","$2,688,000.00",11,"2026-01-01","NO","NO",2,"ENVIAR","Disponible: 1",30,"https://www.appsheet.com/template/gettablefileurl?appName=QHuboMor-7868274&tableName=INSUMOS&fileName=","NO",41,NULL,NULL,NULL
"a24d9533","d30a10d9","Bubols 3.4Kg","3.4Kg",1,"",NULL,NULL,"$104,000.00","$104,000.00",NULL,"2025-12-24","NO","NO",NULL,"NO ENVIAR","Disponible: 1",NULL,NULL,"NO",NULL,"",NULL,NULL
"a2900166","d30a10d9","GOMAS TROLLI ANILLOS X100un","PAQUETES X100",377,"INSUMOS_Files_/a2900166.imagen.011126.webp",NULL,NULL,"$13,000.00","$4,901,000.00",3,"2025-12-20","NO","SI",2,"NO ENVIAR","Disponible: 13",25,"https://www.appsheet.com/template/gettablefileurl?appName=QHuboMor-7868274&tableName=INSUMOS&fileName=INSUMOS_Files_/a2900166.imagen.011126.webp",NULL,81,"https://www.appsheet.com/image/getimageurl?appName=QHuboMorv21-7868274&tableName=INSUMOS&fileName=IMAGENES%2Fa2900166_20251101_080512.png",NULL,NULL
"a4190f21","4ff5b09a","Vasos de 12 onz","PAQUETES X20",2274,"INSUMOS_Images/a4190f21.imagen.050656.png",NULL,NULL,"$4,300.00","$9,778,200.00",-36,"2026-04-30","NO","SI",2,"NO ENVIAR","23",58,NULL,"SI",18,"https://www.appsheet.com/image/getimageurl?appName=QHuboMorv21-7868274&tableName=INSUMOS&fileName=IMAGENES%2Fa4190f21_20251107_154811.png",NULL,NULL
"a804febc","0d04f632","Berlin","TARRO 6L",2,"",NULL,NULL,"$32,000.00","$64,000.00",NULL,"2025-02-11","NO","NO",NULL,"NO ENVIAR","Disponible: 0",1,"https://www.appsheet.com/template/gettablefileurl?appName=QHuboMor-7868274&tableName=INSUMOS&fileName=","NO",1,NULL,NULL,NULL
"a976a6b0","0d04f632","Miami","TARRO 6L",0,"",NULL,NULL,"$32,000.00","$0.00",NULL,"2025-02-11","NO","NO",NULL,"NO ENVIAR","Disponible: 0",1,"https://www.appsheet.com/template/gettablefileurl?appName=QHuboMor-7868274&tableName=INSUMOS&fileName=",NULL,NULL,NULL,NULL,NULL
"ab400715","0d04f633","Frutal lulada valluna","BOLSA DE 3100 GR",2,"",NULL,NULL,"$34,560.00","$69,120.00",NULL,"2025-05-12","NO","NO",NULL,"NO ENVIAR","Disponible: 1",NULL,NULL,"NO",NULL,NULL,NULL,NULL
"ae64846c","0d04f632","Nuvo","TARRO 6L",1,"",NULL,NULL,"$36,720.00","$36,720.00",NULL,"2025-05-12","NO","NO",NULL,"NO ENVIAR","Disponible: 0",NULL,NULL,"NO",NULL,NULL,NULL,NULL
"aecb3c69","0d04f632","Mango Bk","TARRO 6L",55,"",NULL,NULL,"$32,000.00","$1,760,000.00",NULL,"2025-12-02","NO","SI",2,"NO ENVIAR","Disponible: 13",2,"","NO",12,NULL,NULL,NULL
"af470faa","0d04f632","Four loko red","TARRO 6L",26,"",NULL,NULL,"$32,000.00","$832,000.00",NULL,"2026-01-05","NO","NO",2,"ENVIAR","Disponible: 2",2,"https://www.appsheet.com/template/gettablefileurl?appName=QHuboMor-7868274&tableName=INSUMOS&fileName=",NULL,10,NULL,NULL,NULL
"affba9fd","0d04f632","Crema de Whisky","TARRO 6L",20,"",NULL,NULL,"$48,000.00","$960,000.00",NULL,"2025-05-24","NO","SI",1,"NO ENVIAR","Disponible: 6",NULL,"","NO",9,NULL,NULL,NULL
"b27738b7","0d04f633","Mango biche","TARRO 6L",161,"",NULL,NULL,"$28,000.00","$4,508,000.00",NULL,"2026-01-01","NO","NO",NULL,"NO ENVIAR","Disponible: 18",1,NULL,"NO",1,NULL,NULL,NULL
"b55340c0","0d04f633","Ojo del Diablo sin licor","TARRO 6L",26,"",NULL,NULL,"$28,000.00","$728,000.00",17,"2025-08-16","NO","SI",2,"NO ENVIAR","Disponible: 8",15,"https://www.appsheet.com/template/gettablefileurl?appName=QHuboMor-7868274&tableName=INSUMOS&fileName=",NULL,23,NULL,NULL,NULL
"b57c310c","0d04f632","Fresa intensa","TARRO 6L",14,"",NULL,NULL,"$32,000.00","$448,000.00",NULL,"2025-12-27","NO","NO",NULL,"NO ENVIAR","Disponible: 14",NULL,NULL,"NO",NULL,"",NULL,NULL
"b60c6450","d30a10d9","Trolli anayconda funda","Bolsa X100",422,"INSUMOS_Images/b60c6450.imagen.194317.jpg",NULL,NULL,"$6,563.00","$2,664,578.00",-16,"2026-01-09","NO","SI",4,"NO ENVIAR","Disponible: 16",3,NULL,"NO",3,"https://www.appsheet.com/image/getimageurl?appName=QHuboMorv21-7868274&tableName=INSUMOS&fileName=IMAGENES%2Fb60c6450_20250824_143937.png",NULL,NULL
"b8337642","d30a10d9","Chicle Perlas Explosivas 480g","480 gr",0,"",NULL,NULL,"$19,000.00","$0.00",NULL,"2025-02-11","NO","NO",NULL,"NO ENVIAR","Disponible: 0",NULL,"https://www.appsheet.com/template/gettablefileurl?appName=QHuboMor-7868274&tableName=INSUMOS&fileName=","NO",NULL,NULL,NULL,NULL
"bc625d3e","d30a10d9","Leche condensada","390 Gr",1,"INSUMOS_Images/bc625d3e.imagen.222443.jpg",NULL,NULL,"$5,000.00","$5,000.00",NULL,"2025-05-02","NO","NO",NULL,"NO ENVIAR","Disponible: 1",NULL,"","NO",1,NULL,NULL,NULL
"bca7bb21","0d04f633","Selvátic sin licor","TARRO 6L",58,"",NULL,NULL,"$28,000.00","$1,624,000.00",4,"2026-01-11","NO","NO",NULL,"NO ENVIAR","Disponible: 18",2,"https://www.appsheet.com/template/gettablefileurl?appName=QHuboMor-7868274&tableName=INSUMOS&fileName=",NULL,1,"https://www.appsheet.com/image/getimageurl?appName=QHuboMorv21-7868274&tableName=INSUMOS&fileName=IMAGENES%2Fbca7bb21_20250926_132744.png",NULL,NULL
"bce1e3b3","d30a10d9","Selvatik Perlas explosivas 480g","480 gr",0,"INSUMOS_Images/bce1e3b3.imagen.140404.jpg",NULL,NULL,"$19,000.00","$0.00",NULL,"2025-02-11","NO","NO",2,"ENVIAR","Disponible: 0",1,"https://www.appsheet.com/template/gettablefileurl?appName=QHuboMor-7868274&tableName=INSUMOS&fileName=INSUMOS_Images/bce1e3b3.imagen.140404.jpg",NULL,NULL,NULL,NULL,NULL
"bd785ddb","4ff5b09a","Jeringas","Unidad",219,"INSUMOS_Images/bd785ddb.imagen.222535.jpg",NULL,NULL,"$500.00","$109,500.00",-50,"2025-12-22","SI","SI",3,"NO ENVIAR","Disponible: 54",282,"https://www.appsheet.com/template/gettablefileurl?appName=QHuboMor-7868274&tableName=INSUMOS&fileName=INSUMOS_Images/bd785ddb.imagen.222535.jpg","SI",1,NULL,NULL,NULL
"c2872317","d30a10d9","Anaconda Gomas Trolli x100","PAQUETES X100",0,"INSUMOS_Images/c2872317.imagen.005236.jpg",NULL,NULL,NULL,"$0.00",24,"2025-10-02","NO","NO",2,"ENVIAR","Disponible: 0",1,"https://www.appsheet.com/template/gettablefileurl?appName=QHuboMor-7868274&tableName=INSUMOS&fileName=INSUMOS_Images/c2872317.imagen.005236.jpg",NULL,NULL,NULL,NULL,NULL
"c3ce6039","d30a10d9","Ojos trolli","Bolsa X50",5,"INSUMOS_Images/c3ce6039.imagen.220114.jpg",NULL,NULL,"$7,625.00","$38,125.00",NULL,"2025-02-11","NO","NO",NULL,"NO ENVIAR","Disponible: 0",NULL,"","NO",8,NULL,NULL,NULL
"c6434dc7","d30a10d9","Paquete de fruta 50Gr","50Gr",3246,"",NULL,NULL,"$0.00","$0.00",38,"2026-04-30","SI","NO",NULL,"NO ENVIAR","-55",61,NULL,"SI",49,"https://www.appsheet.com/image/getimageurl?appName=QHuboMorv21-7868274&tableName=INSUMOS&fileName=IMAGENES%2Fc6434dc7_20250928_132900.png",NULL,NULL
"cdbf7084","0d04f632","Fresa Bombon Licor","TARRO 6L",82,"",NULL,NULL,"$32,000.00","$2,624,000.00",NULL,"2025-11-07","NO","NO",2,"NO ENVIAR","Disponible: 8",NULL,"","NO",5,NULL,NULL,NULL
"ce2637cd","d30a10d9","Boli pop 4200 Gr","4200 Gr",4,"",NULL,NULL,"$79,200.00","$316,800.00",NULL,"2025-12-06","NO","NO",NULL,"NO ENVIAR","Disponible: 1",NULL,NULL,"NO",NULL,"",NULL,NULL
"d595a3f3","0d04f632","Crema de coffe deligth","TARRO 6L",2,"",NULL,NULL,"$55,000.00","$110,000.00",NULL,"2025-02-28","NO","NO",0,"ENVIAR","Disponible: 0",NULL,"","NO",2,NULL,NULL,NULL
"d5ad0f28","d30a10d9","Gomas trululu aros x 100","Bolsa X100",0,"INSUMOS_Images/d5ad0f28.imagen.163607.jpg","2023-04-03",NULL,"$15,485.00","$0.00",11,"2025-02-11","NO","NO",2,"ENVIAR","Disponible: 0",1,"https://www.appsheet.com/template/gettablefileurl?appName=QHuboMor-7868274&tableName=INSUMOS&fileName=INSUMOS_Images/d5ad0f28.imagen.163607.jpg",NULL,NULL,NULL,NULL,NULL
"d780b4b3","0d04f632","Cairpirina","TARRO 6L",87,"",NULL,NULL,"$32,000.00","$2,784,000.00",2,"2025-12-13","NO","SI",2,"NO ENVIAR","Disponible: 6",12,"https://www.appsheet.com/template/gettablefileurl?appName=QHuboMor-7868274&tableName=INSUMOS&fileName=","NO",39,"https://www.appsheet.com/image/getimageurl?appName=QHuboMorv21-7868274&tableName=INSUMOS&fileName=IMAGENES%2Fd780b4b3_20251105_211316.png",NULL,NULL
"d821ea0c","d30a10d9","Trolli horror ojos halloween","Bolsa X50",20,"INSUMOS_Images/d821ea0c.imagen.204933.jpg",NULL,NULL,"$8,500.00","$170,000.00",NULL,"2025-10-31","NO","NO",NULL,"NO ENVIAR","Disponible: 6",NULL,NULL,"NO",NULL,"",NULL,NULL
"d8dc9c31","d30a10d9","Grissly colmillos","Bolsa X50",14,"INSUMOS_Images/d8dc9c31.imagen.163337.png",NULL,NULL,"$8,500.00","$119,000.00",NULL,"2025-10-31","NO","NO",3,"NO ENVIAR","Disponible: 6",NULL,"","NO",12,NULL,NULL,NULL
"da8f7c03","0d04f633","Frutal de limonada cerezada","BOLSA DE 3100 GR",10,"",NULL,NULL,"$34,560.00","$345,600.00",NULL,"2025-05-03","NO","NO",1,"NO ENVIAR","Disponible: 2",NULL,"","NO",12,NULL,NULL,NULL
"da962c86","0d04f633","Frutal de cafe","BOLSA DE 3100 GR",0,"",NULL,NULL,"$32,000.00","$0.00",NULL,"2025-02-11","NO","NO",1,"ENVIAR","Disponible: 0",NULL,"","NO",1,NULL,NULL,NULL
"db7e52a3","0d04f633","Uva pasion","TARRO 6L",52,"",NULL,NULL,"$28,000.00","$1,456,000.00",NULL,"2025-12-27","NO","NO",NULL,"NO ENVIAR","Disponible: 4",1,NULL,"NO",1,"https://www.appsheet.com/image/getimageurl?appName=QHuboMorv21-7868274&tableName=INSUMOS&fileName=IMAGENES%2Fdb7e52a3_20250907_114823.png",NULL,NULL
"df19ddb5","d30a10d9","Trolli anillo X50","Bolsa X50",34,"INSUMOS_Images/df19ddb5.imagen.161813.png",NULL,NULL,"$6,500.00","$221,000.00",NULL,"2025-02-28","NO","NO",4,"ENVIAR","Disponible: 0",NULL,"","NO",30,NULL,NULL,NULL
"e05755db","d30a10d9","Sales para michelar","BOLSA X250g",14,"",NULL,NULL,"$10,500.00","$147,000.00",NULL,"2025-12-27","NO","NO",NULL,"NO ENVIAR","Disponible: 4",1,"https://www.appsheet.com/template/gettablefileurl?appName=QHuboMor-7868274&tableName=INSUMOS&fileName=",NULL,NULL,NULL,NULL,NULL
"e114aa93","4ff5b09a","Vaso de 24 onz","PAQUETES X20",75,"INSUMOS_Images/e114aa93.imagen.141711.jpg",NULL,NULL,"$12,300.00","$922,500.00",1,"2025-12-27","NO","SI",3,"ENVIAR","Disponible: 3",843,"https://www.appsheet.com/template/gettablefileurl?appName=QHuboMor-7868274&tableName=INSUMOS&fileName=INSUMOS_Images/e114aa93.imagen.141711.jpg","SI",26,"https://www.appsheet.com/image/getimageurl?appName=QHuboMorv21-7868274&tableName=INSUMOS&fileName=IMAGENES%2Fe114aa93_20250514_180029.png",NULL,NULL
"e1516d60","0d04f633","Coco de rumba sin licor","TARRO 6L",4,"",NULL,NULL,"$28,000.00","$112,000.00",NULL,"2026-01-11","NO","NO",NULL,"NO ENVIAR","Disponible: 4",NULL,NULL,"NO",NULL,"",NULL,NULL
"e216add1","d30a10d9","Chicle miniatura 1Kg","Bolsa 1Kg",578,"INSUMOS_Images/e216add1.imagen.163249.jpg","2023-04-03",NULL,"$20,000.00","$11,560,000.00",4,"2026-01-09","NO","SI",2,"NO ENVIAR","Disponible: 10",33,"https://www.appsheet.com/template/gettablefileurl?appName=QHuboMor-7868274&tableName=INSUMOS&fileName=INSUMOS_Images/e216add1.imagen.163249.jpg",NULL,149,"https://www.appsheet.com/image/getimageurl?appName=QHuboMorv21-7868274&tableName=INSUMOS&fileName=IMAGENES%2Fe216add1_20250824_144005.png",NULL,NULL
"e3acc043","0d04f632","Mimosi","TARRO 6L",44,"",NULL,NULL,"$32,000.00","$1,408,000.00",NULL,"2026-01-08","NO","NO",NULL,"NO ENVIAR","Disponible: 16",NULL,NULL,"NO",NULL,"",NULL,NULL
"e404ce51","d30a10d9","Arandano Perlas explosivas 480g","480 gr",0,"INSUMOS_Images/e404ce51.imagen.140346.jpg",NULL,NULL,"$19,000.00","$0.00",1,"2025-02-11","NO","NO",NULL,"NO ENVIAR","Disponible: 0",2,"https://www.appsheet.com/template/gettablefileurl?appName=QHuboMor-7868274&tableName=INSUMOS&fileName=INSUMOS_Images/e404ce51.imagen.140346.jpg",NULL,NULL,NULL,NULL,NULL
"e40def29","0d04f633","Frutal Maracululo","BOLSA DE 3100 GR",0,"",NULL,NULL,"$32,000.00","$0.00",NULL,"2025-02-11","NO","NO",1,"ENVIAR","Disponible: 0",NULL,"","NO",2,NULL,NULL,NULL
"ea690395","4ff5b09a","Cinta 100m","100m",1,"",NULL,NULL,"$4,500.00","$4,500.00",NULL,"2025-08-14","NO","NO",NULL,"NO ENVIAR","Disponible: 1",NULL,NULL,"NO",NULL,"",NULL,NULL
"ef3867a7","0d04f632","Jagger Sweet","TARRO 6L",13,"",NULL,NULL,"$32,000.00","$416,000.00",NULL,"2025-09-20","NO","NO",NULL,"NO ENVIAR","Disponible: 12",NULL,NULL,"NO",NULL,NULL,NULL,NULL
"f4db7a4e","0d04f632","Ice russian","TARRO 6L",28,"",NULL,NULL,"$32,000.00","$896,000.00",4,"2025-12-11","NO","NO",2,"NO ENVIAR","Disponible: 4",5,"https://www.appsheet.com/template/gettablefileurl?appName=QHuboMor-7868274&tableName=INSUMOS&fileName=","NO",13,NULL,NULL,NULL
"f4e7a67f","4ff5b09a","Tapas Domicilios","Unidad",407,"INSUMOS_Images/f4e7a67f.imagen.184036.jpg",NULL,NULL,NULL,"$0.00",100,"2026-01-03","SI","NO",NULL,"NO ENVIAR","Disponible: 100",NULL,NULL,"SI",NULL,"",NULL,NULL
"f6fdf4d1","0a665a65","Absolut","50mL",12,"INSUMOS_Images/f6fdf4d1.imagen.202325.png",NULL,NULL,"$9,000.00","$108,000.00",2,"2025-09-28","SI","NO",NULL,"NO ENVIAR","Disponible: 0",5,NULL,"SI",5,"https://www.appsheet.com/image/getimageurl?appName=QHuboMorv21-7868274&tableName=INSUMOS&fileName=IMAGENES%2Ff6fdf4d1_20250823_165638.png",NULL,NULL
"fa3dae5d","d30a10d9","Franki trululu x13","Paquete ×13",70,"INSUMOS_Images/fa3dae5d.imagen.215931.jpg",NULL,NULL,"$1,600.00","$112,000.00",NULL,"2025-10-24","NO","NO",NULL,"NO ENVIAR","Disponible: 55",NULL,"","NO",16,NULL,NULL,NULL
"fbf14f4e","0d04f632","Moss mule","TARRO 6L",0,"",NULL,NULL,"$32,000.00","$0.00",4,"2025-02-11","NO","NO",NULL,"NO ENVIAR","Disponible: 0",1,"https://www.appsheet.com/template/gettablefileurl?appName=QHuboMor-7868274&tableName=INSUMOS&fileName=","NO",NULL,NULL,NULL,NULL
"fcf976bf","d30a10d9","Glaseado fresa bombon","BOLSA X250g",11,"",NULL,NULL,"$9,000.00","$99,000.00",NULL,"2025-12-27","NO","NO",NULL,"NO ENVIAR","Disponible: 1",NULL,NULL,"NO",NULL,"",NULL,NULL
"feb4c064","4ff5b09a","Vaso de 16 onz","PAQUETES X20",89,"INSUMOS_Images/feb4c064.imagen.164343.jpg",NULL,NULL,"$6,500.00","$578,500.00",NULL,"2025-12-22","NO","NO",NULL,"NO ENVIAR","Disponible: 1",8,NULL,"SI",NULL,"https://www.appsheet.com/image/getimageurl?appName=QHuboMorv21-7868274&tableName=INSUMOS&fileName=IMAGENES%2Ffeb4c064_20250514_180118.png",NULL,NULL
"fed9b295","d30a10d9","Trululu nanos x 21","X21",648,"INSUMOS_Images/fed9b295.imagen.200339.jpg",NULL,NULL,"$2,200.00","$1,029,600.00",NULL,"2026-01-09","NO","NO",NULL,"NO ENVIAR","Disponible: 60",NULL,NULL,"NO",NULL,"",NULL,NULL
