"IDinventario","Nombre","Fecha y hora","Tipo","Total","Descuento","createdAt","updatedAt"
"000da059","Mezclas","2024-12-31 14:56:00","SALIDAS","$0.00","$0.00",NULL,NULL
"0015e5b5","Mezclas","2025-08-10 13:14:00","SALIDAS","$0.00","$0.00",NULL,NULL
"002172b3","Mezclas","2025-11-27 15:27:00","SALIDAS","$0.00","$0.00",NULL,NULL
"00f76969","Paletas, chicle anaconda, trolli anillos, cintas","2025-04-04 13:54:00","ENTRADAS","$0.00","$0.00",NULL,NULL
"0287ee59","Mezclas","2025-02-14 16:29:00","SALIDAS","$0.00","$0.00",NULL,NULL
"034b40d7","Vasos y demas","2025-07-11 08:48:00","ENTRADAS","$0.00","$0.00",NULL,NULL
"038f9b41","Chicles y okaloka","2025-05-03 09:28:00","ENTRADAS","$0.00","$0.00",NULL,NULL
"03f85b6c","Mezclas","2024-11-27 15:50:00","SALIDAS","$0.00","$0.00",NULL,NULL
"0414caf9","Mezclas","2025-12-30 16:11:00","SALIDAS","$0.00","$0.00",NULL,NULL
"0726cd3a","Mezclas","2025-07-16 15:12:00","SALIDAS","$0.00","$0.00",NULL,NULL
"074c023e","Mezclas","2025-07-17 15:50:00","SALIDAS","$0.00","$0.00",NULL,NULL
"07b10899","Mezclas","2025-07-09 15:13:00","SALIDAS","$0.00","$0.00",NULL,NULL
"0a20834b","Mezclas","2025-07-12 14:39:00","SALIDAS","$0.00","$0.00",NULL,NULL
"0a2cfb6c","Mezclas","2025-11-22 13:56:00","SALIDAS","$0.00","$0.00",NULL,NULL
"0b1f79d7","Dulces","2025-12-27 10:18:00","ENTRADAS","$0.00","$0.00",NULL,NULL
"0bb855a1","Vasos","2025-04-25 14:46:00","ENTRADAS","$0.00","$0.00",NULL,NULL
"0c54448e","Mezclas","2025-01-10 14:36:00","SALIDAS","$0.00","$0.00",NULL,NULL
"0cacbc17","Gomas","2025-08-09 09:04:00","ENTRADAS","$0.00","$0.00",NULL,NULL
"0da387bc","Mezclas","2025-04-06 13:11:00","SALIDAS","$0.00","$0.00",NULL,NULL
"0e5c2173","Vasos","2025-04-02 10:37:00","ENTRADAS","$0.00","$0.00",NULL,NULL
"0f03abc2","Mezclas que no estan y gomas","2024-11-06 10:26:00","SALIDAS","$0.00","$0.00",NULL,NULL
"0f537408","Mezclas","2026-01-03 09:32:00","SALIDAS","$0.00","$0.00",NULL,NULL
"0fbff10d","Dulces","2025-02-07 23:40:00","ENTRADAS","$0.00","$0.00",NULL,NULL
"10538191","Icopores","2025-11-08 09:23:00","ENTRADAS","$0.00","$0.00",NULL,NULL
"117db10a","Mezclas","2025-08-15 14:33:00","SALIDAS","$0.00","$0.00",NULL,NULL
"11f6d95b","Mezclas","2025-12-25 14:21:00","SALIDAS","$0.00","$0.00",NULL,NULL
"12891434","Mezclas","2024-12-07 14:14:00","SALIDAS","$0.00","$0.00",NULL,NULL
"133a1d83","Pitillos y vasos","2025-06-07 09:44:00","ENTRADAS","$0.00","$0.00",NULL,NULL
"13426527","Vasos","2025-03-02 15:22:00","ENTRADAS","$0.00","$0.00",NULL,NULL
"13433052","Mezclas","2025-06-20 14:24:00","SALIDAS","$0.00","$0.00",NULL,NULL
"134cc868","Mezclas","2024-11-17 13:13:00","SALIDAS","$0.00","$0.00",NULL,NULL
"1411b2f3","Gomas","2025-03-13 08:39:00","ENTRADAS","$0.00","$0.00",NULL,NULL
"1426dd60","Insumos Cali","2025-01-15 11:01:00","ENTRADAS","$0.00","$0.00",NULL,NULL
"142a923e","Vasos y boli pop","2025-06-26 22:19:00","ENTRADAS","$0.00","$0.00",NULL,NULL
"15402d91","Paletas y oka loca","2025-04-11 15:42:00","ENTRADAS","$0.00","$0.00",NULL,NULL
"186b97c0","Vasos, servilletas","2025-05-17 15:14:00","ENTRADAS","$0.00","$0.00",NULL,NULL
"1882f6b6","Mezclas","2025-04-27 13:42:00","SALIDAS","$0.00","$0.00",NULL,NULL
"18b7dc21","Chicle y paleta","2025-01-21 20:54:00","ENTRADAS","$0.00","$0.00",NULL,NULL
"1948d9b7","Mezclas","2025-07-23 15:10:00","SALIDAS","$0.00","$0.00",NULL,NULL
"196b574b","Mezclas","2025-12-08 14:30:00","SALIDAS","$0.00","$0.00",NULL,NULL
"199da952","Mezclas","2025-12-17 15:53:00","SALIDAS","$0.00","$0.00",NULL,NULL
"19b428d4","Mezclas","2025-04-16 15:49:00","SALIDAS","$0.00","$0.00",NULL,NULL
"19e335b0","Mezclas","2025-03-28 20:33:00","SALIDAS","$0.00","$0.00",NULL,NULL
"19eae16c","Mezclas","2025-10-25 13:52:00","SALIDAS","$0.00","$0.00",NULL,NULL
"1a47d2b9","Mezclas","2024-11-02 14:41:00","SALIDAS","$0.00","$0.00",NULL,NULL
"1aa21b4c","Mezclas","2025-12-12 17:02:00","SALIDAS","$0.00","$0.00",NULL,NULL
"1b0850be","Mezclas","2026-01-04 17:21:00","SALIDAS","$0.00","$0.00",NULL,NULL
"1b379a3c","Mezclas","2025-12-04 15:24:00","SALIDAS","$0.00","$0.00",NULL,NULL
"1b8f387d","ICOPORES","2025-12-12 09:14:00","ENTRADAS","$0.00","$0.00",NULL,NULL
"1c1efa39","Vasos, oka loca, chicles, cintas y demas","2025-03-28 14:15:00","ENTRADAS","$0.00","$0.00",NULL,NULL
"1c2a22e4","Mezclas","2025-09-11 13:29:00","SALIDAS","$0.00","$0.00",NULL,NULL
"1c43890f","Mezclas","2025-06-25 12:50:00","SALIDAS","$0.00","$0.00",NULL,NULL
"1cd38b1a","Dulces","2025-07-03 08:18:00","ENTRADAS","$0.00","$0.00",NULL,NULL
"1d1e6eea","Vasos y dulces","2025-11-15 07:50:00","ENTRADAS","$0.00","$0.00",NULL,NULL
"1e69457b","Mezclas","2024-12-14 11:55:00","SALIDAS","$0.00","$0.00",NULL,NULL
"1e77cd13","Mezclas","2025-06-14 14:24:00","SALIDAS","$0.00","$0.00",NULL,NULL
"1f750b2a","Mezclas","2025-09-13 11:46:00","SALIDAS","$0.00","$0.00",NULL,NULL
"1fc89fe2","Dulces y icopores","2025-11-22 08:18:00","ENTRADAS","$0.00","$0.00",NULL,NULL
"1fed3cc5","Mezclas","2025-01-03 14:22:00","SALIDAS","$0.00","$0.00",NULL,NULL
"20ba9b19","Dulces","2025-02-15 09:09:00","ENTRADAS","$373,300.00","$200.00",NULL,NULL
"21833778","Mezclas","2025-09-14 12:47:00","SALIDAS","$0.00","$0.00",NULL,NULL
"221875d6","Mezclas","2025-06-06 16:40:00","SALIDAS","$0.00","$0.00",NULL,NULL
"225c19d2","Mezclas","2025-02-06 15:28:00","SALIDAS","$0.00","$0.00",NULL,NULL
"228ebf4e","Mezclas","2025-08-18 13:17:00","SALIDAS","$0.00","$0.00",NULL,NULL
"23b30ba2","Mezclas","2025-04-30 15:27:00","SALIDAS","$0.00","$0.00",NULL,NULL
"23e14ed3","Dulces","2025-02-28 23:53:00","ENTRADAS","$0.00","$0.00",NULL,NULL
"2411716e","Dulces","2025-01-29 09:49:00","ENTRADAS","$0.00","$0.00",NULL,NULL
"243c66f7","Mezclas","2025-06-23 13:12:00","SALIDAS","$0.00","$0.00",NULL,NULL
"2461d3e3","Anaconda, chips, paletas","2024-11-23 10:10:00","ENTRADAS","$271,200.00","$200.00",NULL,NULL
"2468ffca","Cintas","2024-12-17 14:57:00","ENTRADAS","$0.00","$0.00",NULL,NULL
"2557063e","Mezclas","2025-06-29 13:23:00","SALIDAS","$0.00","$0.00",NULL,NULL
"2559fd1c","Mezclas","2025-01-16 14:49:00","SALIDAS","$0.00","$0.00",NULL,NULL
"25ab21b1","Mezclas","2025-07-26 11:42:00","SALIDAS","$0.00","$0.00",NULL,NULL
"25c46d3b","Mezclas","2025-04-05 14:42:00","SALIDAS","$0.00","$0.00",NULL,NULL
"25eb3738","Mezclas","2025-12-27 16:12:00","SALIDAS","$0.00","$0.00",NULL,NULL
"2626c409","Mezclas","2024-11-11 12:57:00","SALIDAS","$0.00","$0.00",NULL,NULL
"26b24165","Vasos, cintas, oka loca y bolipop bolsas dulces","2025-05-09 13:46:00","ENTRADAS","$0.00","$0.00",NULL,NULL
"27eea4a5","Mezclas","2025-05-14 15:17:00","SALIDAS","$0.00","$0.00",NULL,NULL
"27fd847d","Mezclas","2025-08-09 09:05:00","SALIDAS","$0.00","$0.00",NULL,NULL
"287bf079","Mezclas","2025-03-22 14:51:00","SALIDAS","$0.00","$0.00",NULL,NULL
"28917169","Mezclas","2025-04-13 13:07:00","SALIDAS","$0.00","$0.00",NULL,NULL
"29281ddb","Vasos","2025-04-13 15:11:00","ENTRADAS","$0.00","$0.00",NULL,NULL
"2a1fe49c","Mezclas","2025-10-09 18:06:00","SALIDAS","$0.00","$0.00",NULL,NULL
"2a7c677b","Mezclas","2025-07-10 14:16:00","SALIDAS","$0.00","$0.00",NULL,NULL
"2ae893b2","Mezclas","2025-04-17 14:58:00","SALIDAS","$0.00","$0.00",NULL,NULL
"2af07e4c","Dulces","2025-09-25 08:10:00","ENTRADAS","$0.00","$0.00",NULL,NULL
"2bb11278","Vasos y demas","2025-07-24 08:19:00","ENTRADAS","$0.00","$0.00",NULL,NULL
"2c30af8d","Mezclas","2025-11-12 18:12:00","SALIDAS","$0.00","$0.00",NULL,NULL
"2e043c7c","Mezclas","2025-10-01 19:03:00","SALIDAS","$0.00","$0.00",NULL,NULL
"2e9e54b2","Vasos y gomas","2025-06-28 09:08:00","ENTRADAS","$0.00","$0.00",NULL,NULL
"2f5afc8e","Mezclas","2025-09-17 16:56:00","SALIDAS","$0.00","$0.00",NULL,NULL
"2f8c3ceb","Vasos","2025-11-07 18:05:00","ENTRADAS","$0.00","$0.00",NULL,NULL
"3092ca59","Cosas que ya no hay","2025-04-25 16:02:00","SALIDAS","$0.00","$0.00",NULL,NULL
"309d5b3b","Mezclas","2025-09-20 13:15:00","SALIDAS","$0.00","$0.00",NULL,NULL
"30e3d31c","Mezclas","2025-09-10 16:11:00","SALIDAS","$0.00","$0.00",NULL,NULL
"31591bc8","Vasos","2025-09-24 16:34:00","ENTRADAS","$0.00","$0.00",NULL,NULL
"3192e15f","Dulces, vasos y pitillos","2025-04-19 13:07:00","ENTRADAS","$0.00","$0.00",NULL,NULL
"3201d047","Mezclas que ya no están","2025-02-02 15:06:00","SALIDAS","$0.00","$0.00",NULL,NULL
"33610542","INSUMOS","2025-11-06 22:33:00","ENTRADAS","$7,666,845.00","$532,155.00",NULL,NULL
"3366f278","Mezclas","2025-04-25 14:44:00","SALIDAS","$0.00","$0.00",NULL,NULL
"337ede9f","Mezclas","2025-10-12 14:05:00","SALIDAS","$0.00","$0.00",NULL,NULL
"33f665f5","Mezclas","2025-02-19 19:06:00","SALIDAS","$0.00","$0.00",NULL,NULL
"34aedafc","Mezclas","2025-01-31 14:31:00","SALIDAS","$0.00","$0.00",NULL,NULL
"353f11ac","Mezclas","2025-01-15 14:29:00","SALIDAS","$0.00","$0.00",NULL,NULL
"357e0e39","Mezclas","2025-01-02 14:51:00","SALIDAS","$0.00","$0.00",NULL,NULL
"35994496","DULCES","2025-12-10 07:47:00","ENTRADAS","$0.00","$0.00",NULL,NULL
"36d85e42","Mezclas","2025-09-05 13:31:00","SALIDAS","$0.00","$0.00",NULL,NULL
"3708505d","Mezclas","2025-10-26 12:15:00","SALIDAS","$0.00","$0.00",NULL,NULL
"373694b0","Mezclas","2024-12-21 18:25:00","SALIDAS","$0.00","$0.00",NULL,NULL
"37687921","Mezclas","2024-12-13 11:48:00","SALIDAS","$0.00","$0.00",NULL,NULL
"37842da9","Dulces e icopores","2025-12-24 10:59:00","ENTRADAS","$0.00","$0.00",NULL,NULL
"388ad602","Mezclas","2025-07-04 15:24:00","SALIDAS","$0.00","$0.00",NULL,NULL
"395c818f","Mezclas","2025-08-21 15:16:00","SALIDAS","$0.00","$0.00",NULL,NULL
"3967d217","Mezclas","2025-12-23 20:02:00","SALIDAS","$0.00","$0.00",NULL,NULL
"3a2c5d5d","Mezclas","2025-12-05 15:50:00","SALIDAS","$0.00","$0.00",NULL,NULL
"3a5e6aee","Mezclas","2025-03-26 15:15:00","SALIDAS","$0.00","$0.00",NULL,NULL
"3b0b1f98","Mezclas","2024-11-23 14:22:00","SALIDAS","$0.00","$0.00",NULL,NULL
"3b41f99a","INSUMOS","2026-01-07 15:09:00","ENTRADAS","$9,297,640.00","$646,360.00",NULL,NULL
"3b5afc59","Paletas y aros","2024-11-30 10:16:00","ENTRADAS","$54,000.00","$0.00",NULL,NULL
"3b7dc66e","Insumos que ya no hay","2025-01-11 14:42:00","SALIDAS","$0.00","$0.00",NULL,NULL
"3c91b1e5","Mezclas","2025-04-04 14:18:00","SALIDAS","$0.00","$0.00",NULL,NULL
"3ca2bf9c","Vasos","2025-07-02 21:07:00","ENTRADAS","$0.00","$0.00",NULL,NULL
"3ceb5bf9","Mezclas","2025-07-25 14:21:00","SALIDAS","$0.00","$0.00",NULL,NULL
"3cfd0555","Chicle","2024-11-09 16:32:00","ENTRADAS","$164,200.00","$200.00",NULL,NULL
"3d8ff163","Mezclas","2025-11-20 14:12:00","SALIDAS","$0.00","$0.00",NULL,NULL
"3da1d6cf","Vasos, oka loca y demás","2025-05-30 08:24:00","ENTRADAS","$0.00","$0.00",NULL,NULL
"3e14286d","Mezclas","2024-11-06 14:10:00","SALIDAS","$0.00","$0.00",NULL,NULL
"3eb0aa0f","Mezclas","2025-12-19 14:58:00","SALIDAS","$0.00","$0.00",NULL,NULL
"3f4fa90d","Mezclas","2025-08-07 14:18:00","SALIDAS","$0.00","$0.00",NULL,NULL
"3f4fee02","Mezclas cali","2025-07-24 14:42:00","ENTRADAS","$7,291,130.00","$506,870.00",NULL,NULL
"4121d63e","Mezclas","2025-06-18 15:22:00","SALIDAS","$0.00","$0.00",NULL,NULL
"41d5db91","Mezclas","2024-12-23 14:44:00","SALIDAS","$0.00","$0.00",NULL,NULL
"41e3e536","Gomas y vasos","2026-01-09 15:02:00","ENTRADAS","$0.00","$0.00",NULL,NULL
"41f55423","Okaloca y paletas","2025-04-11 15:07:00","ENTRADAS","$0.00","$0.00",NULL,NULL
"428c6252","Mezclas","2025-05-25 13:46:00","SALIDAS","$0.00","$0.00",NULL,NULL
"430c2263","Mezclas","2025-10-04 12:12:00","SALIDAS","$0.00","$0.00",NULL,NULL
"43255c9a","Dulces","2025-10-17 11:13:00","ENTRADAS","$0.00","$0.00",NULL,NULL
"43f39fc9","Mezclas","2025-08-24 13:07:00","SALIDAS","$0.00","$0.00",NULL,NULL
"44ce434b","Mezclas","2025-06-26 14:26:00","SALIDAS","$0.00","$0.00",NULL,NULL
"46186b6f","Mezclas","2025-05-15 14:32:00","SALIDAS","$0.00","$0.00",NULL,NULL
"47001e4a","Mezclas","2025-03-14 14:28:00","SALIDAS","$0.00","$0.00",NULL,NULL
"472d8036","Mezclas","2025-08-01 14:13:00","SALIDAS","$0.00","$0.00",NULL,NULL
"47d144f9","Mezclas","2024-11-24 14:03:00","SALIDAS","$0.00","$0.00",NULL,NULL
"4888ea0d","Mezclas","2024-11-13 15:02:00","SALIDAS","$0.00","$0.00",NULL,NULL
"4ac91975","Cintas, paletas y pitillos","2024-12-31 12:20:00","ENTRADAS","$0.00","$0.00",NULL,NULL
"4aea4297","Mezclas","2025-05-31 14:18:00","SALIDAS","$0.00","$0.00",NULL,NULL
"4bdcb034","Vasos","2025-04-27 15:38:00","ENTRADAS","$0.00","$0.00",NULL,NULL
"4c2924e0","Mezclas","2025-10-02 14:49:00","SALIDAS","$0.00","$0.00",NULL,NULL
"4c595965","Mezclas","2025-06-19 16:15:00","SALIDAS","$0.00","$0.00",NULL,NULL
"4d2286c2","Mezclas","2025-10-11 13:19:00","SALIDAS","$0.00","$0.00",NULL,NULL
"4e39e34b","Mezclas","2025-01-08 14:51:00","SALIDAS","$0.00","$0.00",NULL,NULL
"4eb2c28e","Mezclas","2025-03-13 17:14:00","SALIDAS","$0.00","$0.00",NULL,NULL
"4edb674c","Vasos y pitillos","2025-03-24 14:30:00","ENTRADAS","$91,800.00","$200.00",NULL,NULL
"4f5575e1","Mezclas","2025-11-05 15:13:00","SALIDAS","$0.00","$0.00",NULL,NULL
"50266acd","Insumos CALI","2025-10-02 18:02:00","ENTRADAS","$6,187,830.00","$430,170.00",NULL,NULL
"504a2d25","Mezclas","2025-04-13 19:27:00","SALIDAS","$0.00","$0.00",NULL,NULL
"50642830","Mezclas cali","2025-04-24 11:57:00","ENTRADAS","$3,532,743.00","$253,977.00",NULL,NULL
"5083c85e","Pitillos","2025-12-30 16:01:00","ENTRADAS","$0.00","$0.00",NULL,NULL
"50de4f64","Colmillos","2025-10-25 16:30:00","ENTRADAS","$0.00","$0.00",NULL,NULL
"50e80ecd","Mezclas","2024-11-21 16:44:00","SALIDAS","$0.00","$0.00",NULL,NULL
"517a33d0","Vasos","2024-11-14 14:06:00","ENTRADAS","$0.00","$0.00",NULL,NULL
"5222390e","Mezclas","2025-02-21 14:25:00","SALIDAS","$0.00","$0.00",NULL,NULL
"530ff755","Mezclas","2025-06-13 15:28:00","SALIDAS","$0.00","$0.00",NULL,NULL
"538656fa","Mezclas","2025-11-19 14:34:00","SALIDAS","$0.00","$0.00",NULL,NULL
"53cb40c3","Vasos","2025-09-19 14:29:00","ENTRADAS","$0.00","$0.00",NULL,NULL
"53ec277a","Mezclas","2025-06-28 14:12:00","SALIDAS","$0.00","$0.00",NULL,NULL
"53fcc6e7","Jhonnier Mejia","2024-12-17 14:50:00","SALIDAS","$0.00","$0.00",NULL,NULL
"54a61ee6","Paletas, vasos y cintas","2025-05-24 10:21:00","ENTRADAS","$0.00","$0.00",NULL,NULL
"551b3163","Mezclas","2024-11-14 14:42:00","SALIDAS","$0.00","$0.00",NULL,NULL
"5586df75","Vasos","2025-10-08 16:13:00","ENTRADAS","$0.00","$0.00",NULL,NULL
"5616c356","Mezclas","2025-04-24 14:14:00","SALIDAS","$0.00","$0.00",NULL,NULL
"56981314","Mezclas","2025-04-23 14:39:00","SALIDAS","$0.00","$0.00",NULL,NULL
"56cd5a70","Mezclas","2025-05-03 14:16:00","SALIDAS","$0.00","$0.00",NULL,NULL
"5865431c","Mezclas","2025-12-03 17:50:00","SALIDAS","$0.00","$0.00",NULL,NULL
"5ad2ea9c","Insumos CALI","2025-08-30 14:19:00","ENTRADAS","$7,223,810.00","$502,190.00",NULL,NULL
"5afdde1f","Pitillos","2025-04-09 15:59:00","ENTRADAS","$0.00","$0.00",NULL,NULL
"5b305f53","Insumos Mezclas, Frutales","2024-11-28 07:58:00","ENTRADAS","$4,355,400.00","$289,000.00",NULL,NULL
"5c8c0004","Mezclas","2025-12-18 14:55:00","SALIDAS","$0.00","$0.00",NULL,NULL
"5d2482e5","Dulces","2025-12-27 01:23:00","ENTRADAS","$0.00","$0.00",NULL,NULL
"5d44698b","Dulces y demas","2025-08-16 08:07:00","ENTRADAS","$0.00","$0.00",NULL,NULL
"5d765e94","Mezclas","2025-01-11 14:40:00","SALIDAS","$0.00","$0.00",NULL,NULL
"5e28c87c","Cintas","2025-05-16 14:22:00","ENTRADAS","$0.00","$0.00",NULL,NULL
"5f109d7e","Mezclas","2025-05-10 14:34:00","SALIDAS","$0.00","$0.00",NULL,NULL
"5f20a4b5","Icopores","2025-11-28 14:49:00","ENTRADAS","$0.00","$0.00",NULL,NULL
"5f2a7e4e","Mezclas","2025-10-08 16:55:00","SALIDAS","$0.00","$0.00",NULL,NULL
"5f673871","Mezclas","2024-12-09 13:40:00","SALIDAS","$0.00","$0.00",NULL,NULL
"60935d4c","Mezclas","2025-05-08 14:22:00","SALIDAS","$0.00","$0.00",NULL,NULL
"60b830a0","Mezclas y gomas","2026-01-08 12:52:00","SALIDAS","$0.00","$0.00",NULL,NULL
"60f37977","Insumos que no hay","2025-11-01 08:02:00","SALIDAS","$0.00","$0.00",NULL,NULL
"61892179","Pitillos","2025-04-17 08:27:00","ENTRADAS","$25,000.00","$200.00",NULL,NULL
"621918f3","Gomas","2026-01-03 10:51:00","ENTRADAS","$0.00","$0.00",NULL,NULL
"6256ab99","Dulces","2025-03-20 07:42:00","ENTRADAS","$0.00","$0.00",NULL,NULL
"636779cd","Mezclas","2025-01-17 14:45:00","SALIDAS","$0.00","$0.00",NULL,NULL
"63796173","Mezclas","2025-03-30 12:50:00","SALIDAS","$0.00","$0.00",NULL,NULL
"64a6897a","Mezclas","2025-01-24 14:42:00","SALIDAS","$0.00","$0.00",NULL,NULL
"64f2da15","Dulces","2025-10-03 09:20:00","ENTRADAS","$0.00","$0.00",NULL,NULL
"66f2991a","Mezclas","2025-04-18 14:44:00","SALIDAS","$0.00","$0.00",NULL,NULL
"66fb943b","Mezclas","2025-12-31 17:03:00","SALIDAS","$0.00","$0.00",NULL,NULL
"67014f3d","Dulces y vasos","2025-04-16 10:48:00","ENTRADAS","$0.00","$0.00",NULL,NULL
"67727ee2","Mezclas","2025-02-14 15:34:00","SALIDAS","$0.00","$0.00",NULL,NULL
"68a3ceda","Mezclas","2025-03-27 14:24:00","SALIDAS","$0.00","$0.00",NULL,NULL
"695d6fe6","Vasos y pitillos","2024-12-15 15:22:00","ENTRADAS","$72,280.00","$200.00",NULL,NULL
"69fb7d4c","Perlas explosivas","2025-06-21 11:03:00","ENTRADAS","$0.00","$0.00",NULL,NULL
"6a3a060f","Vasos y demas","2025-06-14 09:44:00","ENTRADAS","$0.00","$0.00",NULL,NULL
"6a7e9e83","Mezclas","2025-05-30 14:33:00","SALIDAS","$0.00","$0.00",NULL,NULL
"6b1c98e6","Mezclas","2025-10-10 13:01:00","SALIDAS","$0.00","$0.00",NULL,NULL
"6b56483f","Boli pop y vasos","2025-05-23 18:32:00","ENTRADAS","$0.00","$0.00",NULL,NULL
"6b89161e","Mezclas","2025-09-21 11:10:00","SALIDAS","$0.00","$0.00",NULL,NULL
"6be8e08e","Mezclas","2025-10-05 17:19:00","SALIDAS","$0.00","$0.00",NULL,NULL
"6bf5acec","Mezclas","2025-11-07 13:10:00","SALIDAS","$0.00","$0.00",NULL,NULL
"6c7025ac","Mezclas","2024-11-01 15:05:00","SALIDAS","$0.00","$0.00",NULL,NULL
"6cad2e99","Mezclas","2025-10-22 17:25:00","SALIDAS","$0.00","$0.00",NULL,NULL
"6d7e9ff6","Mezclas","2025-08-16 14:28:00","SALIDAS","$0.00","$0.00",NULL,NULL
"6def236b","Mezclas","2025-03-09 13:07:00","SALIDAS","$0.00","$0.00",NULL,NULL
"6e1e9afb","Vasos 12 y 16","2025-07-30 16:25:00","ENTRADAS","$0.00","$0.00",NULL,NULL
"6eb6fb3c","Mezclas","2025-06-07 14:29:00","SALIDAS","$0.00","$0.00",NULL,NULL
"6fd121ec","Mezclas","2024-12-15 13:50:00","SALIDAS","$0.00","$0.00",NULL,NULL
"6ffb2171","Mezclas que ya no hay","2025-07-21 12:14:00","SALIDAS","$0.00","$0.00",NULL,NULL
"708b1b51","Gomas","2024-11-28 18:09:00","ENTRADAS","$486,800.00","$4.00",NULL,NULL
"70f2608d","Mezclas","2024-12-10 14:08:00","SALIDAS","$0.00","$0.00",NULL,NULL
"71041c9d","Mezclas","2025-10-18 13:02:00","SALIDAS","$0.00","$0.00",NULL,NULL
"7116059b","Vasos pitillo y demás","2025-06-20 08:15:00","ENTRADAS","$0.00","$0.00",NULL,NULL
"714f6e84","Oka loca y vasos","2025-06-06 14:03:00","ENTRADAS","$0.00","$0.00",NULL,NULL
"7204c91c","Dulces","2025-09-20 10:16:00","ENTRADAS","$0.00","$0.00",NULL,NULL
"72de184b","Vasos","2025-11-14 14:47:00","SALIDAS","$0.00","$0.00",NULL,NULL
"72ea77f4","Dulces","2024-12-22 11:51:00","ENTRADAS","$239,400.00","$400.00",NULL,NULL
"73e7cd2e","Mezclas","2025-02-05 14:41:00","SALIDAS","$0.00","$0.00",NULL,NULL
"74d19063","Mezclas","2025-09-07 11:54:00","SALIDAS","$0.00","$0.00",NULL,NULL
"74f4d931","Mezclas","2025-10-23 17:17:00","SALIDAS","$0.00","$0.00",NULL,NULL
"752320c4","Mezclas","2025-03-02 13:15:00","SALIDAS","$0.00","$0.00",NULL,NULL
"7579cf20","Insumos","2025-11-01 13:32:00","SALIDAS","$0.00","$0.00",NULL,NULL
"765f4d58","Mezclas","2024-12-29 13:47:00","SALIDAS","$0.00","$0.00",NULL,NULL
"76813c2b","Mezclas que ya no hay","2025-05-12 10:07:00","SALIDAS","$0.00","$0.00",NULL,NULL
"7766a25a","Mezclas","2026-01-10 13:53:00","SALIDAS","$0.00","$0.00",NULL,NULL
"777522ed","Mezclas","2025-03-23 13:11:00","SALIDAS","$0.00","$0.00",NULL,NULL
"777b343c","Mezclas","2025-08-23 14:26:00","SALIDAS","$0.00","$0.00",NULL,NULL
"77b402c7","Mezclas","2025-02-07 14:11:00","SALIDAS","$0.00","$0.00",NULL,NULL
"77bb7919","Mezclas","2025-09-25 13:32:00","SALIDAS","$0.00","$0.00",NULL,NULL
"77cf9d28","Mezclas que no hay","2025-06-09 11:53:00","SALIDAS","$0.00","$0.00",NULL,NULL
"77e5ac38","Vasos","2024-12-13 08:53:00","ENTRADAS","$0.00","$0.00",NULL,NULL
"78b2b1da","Mezclas","2025-07-13 13:28:00","SALIDAS","$0.00","$0.00",NULL,NULL
"7900a9dd","Vasos","2025-02-12 14:50:00","ENTRADAS","$59,800.00","$200.00",NULL,NULL
"79432f08","Dulces e icopores","2025-11-29 09:11:00","ENTRADAS","$0.00","$0.00",NULL,NULL
"795031d6","Mezclas","2025-06-01 14:28:00","SALIDAS","$0.00","$0.00",NULL,NULL
"7974c987","Mezclas","2025-04-09 15:20:00","SALIDAS","$0.00","$0.00",NULL,NULL
"7a80c870","Dulces","2024-12-20 10:29:00","ENTRADAS","$0.00","$0.00",NULL,NULL
"7aa09cb1","Dulces","2025-12-13 09:26:00","ENTRADAS","$0.00","$0.00",NULL,NULL
"7ab82aa5","Mezclas","2025-01-23 14:37:00","SALIDAS","$0.00","$0.00",NULL,NULL
"7afd7816","Mezclas","2025-04-02 13:26:00","SALIDAS","$0.00","$0.00",NULL,NULL
"7b169379","Mezclas","2025-04-11 17:11:00","SALIDAS","$0.00","$0.00",NULL,NULL
"7b605277","Insumos","2025-02-13 10:21:00","ENTRADAS","$3,988,710.00","$277,290.00",NULL,NULL
"7b9de57c","Mezclas que no hay","2025-04-03 09:11:00","SALIDAS","$0.00","$0.00",NULL,NULL
"7c3f6d7d","Insumos Cali","2024-12-26 14:48:00","ENTRADAS","$2,356,000.00","$0.00",NULL,NULL
"7cc48abe","Mezclas","2025-01-26 13:47:00","SALIDAS","$0.00","$0.00",NULL,NULL
"7e021a4c","Insumos","2025-04-05 12:13:00","ENTRADAS","$3,841,915.00","$267,085.00",NULL,NULL
"7e39b575","Mezclas","2025-03-01 14:23:00","SALIDAS","$0.00","$0.00",NULL,NULL
"7f326cb2","Mezclas","2025-05-21 15:22:00","SALIDAS","$0.00","$0.00",NULL,NULL
"801e0b46","Mezclas","2025-03-29 14:38:00","SALIDAS","$0.00","$0.00",NULL,NULL
"8024001e","Mezclas","2025-12-21 14:54:00","SALIDAS","$0.00","$0.00",NULL,NULL
"8076206a","Mezclas","2024-12-12 14:15:00","SALIDAS","$0.00","$0.00",NULL,NULL
"8558e4cf","Mezclas","2025-03-21 14:28:00","SALIDAS","$0.00","$0.00",NULL,NULL
"85cf15a4","Gomas","2024-11-08 08:39:00","ENTRADAS","$616,992.00","$0.00",NULL,NULL
"85f16628","Mezclas","2025-09-24 15:35:00","SALIDAS","$0.00","$0.00",NULL,NULL
"85f6fc35","Mezclas","2025-03-15 14:35:00","SALIDAS","$0.00","$0.00",NULL,NULL
"86022c51","Mezclas","2025-08-13 15:16:00","SALIDAS","$0.00","$0.00",NULL,NULL
"8625df0c","Mezclas","2025-11-16 14:09:00","SALIDAS","$0.00","$0.00",NULL,NULL
"86c90090","Mezclas","2024-11-30 14:26:00","SALIDAS","$0.00","$0.00",NULL,NULL
"87391252","Mezclas","2025-02-22 14:46:00","SALIDAS","$0.00","$0.00",NULL,NULL
"87504a40","Mezclas","2025-07-03 08:47:00","SALIDAS","$0.00","$0.00",NULL,NULL
"87816398","Gomas","2025-08-30 09:48:00","ENTRADAS","$0.00","$0.00",NULL,NULL
"87d55c55","Pitillos y vasos","2024-11-02 19:20:00","ENTRADAS","$0.00","$0.00",NULL,NULL
"87ff91db","Mezclas","2024-11-04 11:55:00","SALIDAS","$0.00","$0.00",NULL,NULL
"88e68a5b","Vasos y pitillos","2025-07-04 15:25:00","ENTRADAS","$0.00","$0.00",NULL,NULL
"8a04c93e","Vasos","2025-05-29 15:20:00","ENTRADAS","$0.00","$0.00",NULL,NULL
"8a61d50e","Mezclas","2025-01-12 13:40:00","SALIDAS","$0.00","$0.00",NULL,NULL
"8a70d7bb","Mezclas","2024-11-29 14:24:00","SALIDAS","$0.00","$0.00",NULL,NULL
"8a8f2aa4","Mezclas","2024-12-18 14:20:00","SALIDAS","$0.00","$0.00",NULL,NULL
"8b78f962","Mezclas","2025-05-17 14:19:00","SALIDAS","$0.00","$0.00",NULL,NULL
"8bcdf759","Vasos","2025-03-29 16:53:00","ENTRADAS","$0.00","$0.00",NULL,NULL
"8c40da0f","Dulces","2025-11-01 08:12:00","ENTRADAS","$0.00","$0.00",NULL,NULL
"8ccde2e7","Mezclas","2025-12-11 16:03:00","SALIDAS","$0.00","$0.00",NULL,NULL
"8d906d07","Mezclas","2025-09-12 13:30:00","SALIDAS","$0.00","$0.00",NULL,NULL
"8df1c912","Mezclas","2025-02-12 16:24:00","SALIDAS","$0.00","$0.00",NULL,NULL
"8ea82126","Mezclas","2025-12-28 14:26:00","SALIDAS","$0.00","$0.00",NULL,NULL
"90074c56","Paletas","2025-02-26 17:15:00","ENTRADAS","$0.00","$0.00",NULL,NULL
"91587aba","Mezclas","2025-08-14 14:53:00","SALIDAS","$0.00","$0.00",NULL,NULL
"91e2477c","Mezclas","2025-09-19 12:27:00","SALIDAS","$0.00","$0.00",NULL,NULL
"92406d40","Mezclas","2025-10-17 15:00:00","SALIDAS","$0.00","$0.00",NULL,NULL
"92a8b748","Mezclas","2025-02-20 14:14:00","SALIDAS","$0.00","$0.00",NULL,NULL
"92f2a256","Vasos y dulces","2025-06-26 09:00:00","ENTRADAS","$0.00","$0.00",NULL,NULL
"932db221","Mezclas","2025-11-30 14:32:00","SALIDAS","$0.00","$0.00",NULL,NULL
"9353fb20","Mezclas","2025-07-02 15:06:00","SALIDAS","$0.00","$0.00",NULL,NULL
"954cfd86","Mezclas","2025-02-13 14:24:00","SALIDAS","$0.00","$0.00",NULL,NULL
"956350b5","Mezclas","2025-12-14 13:06:00","SALIDAS","$0.00","$0.00",NULL,NULL
"96319a23","Vasos","2025-05-04 13:58:00","ENTRADAS","$0.00","$0.00",NULL,NULL
"964302fc","Mezclas Jhonny","2025-11-29 12:47:00","SALIDAS","$0.00","$0.00",NULL,NULL
"9658de86","Mezclas","2025-04-19 15:06:00","SALIDAS","$0.00","$0.00",NULL,NULL
"978c6d13","Mezclas","2025-08-03 13:11:00","SALIDAS","$0.00","$0.00",NULL,NULL
"98d7be97","Mezclas","2024-11-04 13:14:00","ENTRADAS","$0.00","$0.00",NULL,NULL
"99461258","Mezclas que no hay","2025-08-25 08:43:00","SALIDAS","$0.00","$0.00",NULL,NULL
"99b76b8f","Oka locas","2025-07-26 12:34:00","ENTRADAS","$0.00","$0.00",NULL,NULL
"99befb18","Mezclas que no hay","2026-01-01 21:24:00","SALIDAS","$0.00","$0.00",NULL,NULL
"99ef6464","Mezclas","2025-12-13 15:27:00","SALIDAS","$0.00","$0.00",NULL,NULL
"9a1fdf44","Vasos","2025-10-31 22:34:00","ENTRADAS","$0.00","$0.00",NULL,NULL
"9b68efa7","Paleta","2025-03-26 11:07:00","ENTRADAS","$0.00","$0.00",NULL,NULL
"9d10be70","Dulces 2","2025-10-24 08:31:00","ENTRADAS","$0.00","$0.00",NULL,NULL
"9d877b8d","Mezclas","2024-11-08 14:50:00","SALIDAS","$0.00","$0.00",NULL,NULL
"9ea6e978","Mezclas","2024-12-22 14:51:00","SALIDAS","$0.00","$0.00",NULL,NULL
"9fd04088","Mezclas que no estan","2024-11-27 06:56:00","SALIDAS","$0.00","$0.00",NULL,NULL
"a041ca88","Mezclas","2025-01-07 11:45:00","SALIDAS","$0.00","$0.00",NULL,NULL
"a0724d80","Mezclas","2025-07-11 14:21:00","SALIDAS","$0.00","$0.00",NULL,NULL
"a125f4c7","Mezclas","2025-10-16 13:40:00","SALIDAS","$0.00","$0.00",NULL,NULL
"a287eaa8","Chicle, Tajín y anaconda","2025-12-29 16:35:00","ENTRADAS","$0.00",NULL,NULL,NULL
"a28fe9b3","Paletas y pitillos","2025-06-05 17:57:00","ENTRADAS","$0.00","$0.00",NULL,NULL
"a3e1f28f","Mezclas","2025-06-30 13:20:00","SALIDAS","$0.00","$0.00",NULL,NULL
"a454228b","Mezclas","2025-07-05 15:04:00","SALIDAS","$0.00","$0.00",NULL,NULL
"a4926f68","Mezclas","2025-01-30 14:24:00","SALIDAS","$0.00","$0.00",NULL,NULL
"a49ec266","Mezclas","2025-05-09 13:02:00","SALIDAS","$0.00","$0.00",NULL,NULL
"a5d3e1d9","Icopores","2025-02-22 16:28:00","ENTRADAS","$0.00","$0.00",NULL,NULL
"a600f002","Mezclas","2025-07-18 14:11:00","SALIDAS","$0.00","$0.00",NULL,NULL
"a61b2556","Chicles y gomas","2024-11-06 10:35:00","ENTRADAS","$0.00","$0.00",NULL,NULL
"a7e581c5","Dulces","2024-12-13 09:57:00","ENTRADAS","$0.00","$0.00",NULL,NULL
"a85b2cfe","Dulces","2025-12-20 08:01:00","ENTRADAS","$0.00","$0.00",NULL,NULL
"a88d9163","Mezclas","2025-02-15 11:41:00","SALIDAS","$0.00","$0.00",NULL,NULL
"a8f154d6","Mezclas","2024-12-16 13:30:00","SALIDAS","$0.00","$0.00",NULL,NULL
"a909102a","Vasos, Tajín y pitillos","2025-08-08 14:59:00","ENTRADAS","$0.00","$0.00",NULL,NULL
"aa2e8e07","Mezclas","2025-09-04 13:43:00","SALIDAS","$0.00","$0.00",NULL,NULL
"aa410790","Mezclas","2025-01-19 13:30:00","SALIDAS","$0.00","$0.00",NULL,NULL
"aa4a66a8","Insumos cali","2025-05-16 14:51:00","ENTRADAS","$6,292,040.00","$375,960.00",NULL,NULL
"aa8f7020","Vasos, pitillos","2024-12-07 21:02:00","ENTRADAS","$0.00","$0.00",NULL,NULL
"aaf3af15","Minibotellas","2025-08-14 15:20:00","ENTRADAS","$0.00","$0.00",NULL,NULL
"ac815d09","Mezclas","2025-03-08 14:17:00","SALIDAS","$0.00","$0.00",NULL,NULL
"acc95e42","Dulces e icopores","2025-12-05 08:37:00","ENTRADAS","$0.00","$0.00",NULL,NULL
"ad1be18a","Mezclas","2025-03-19 15:11:00","SALIDAS","$0.00","$0.00",NULL,NULL
"ad51e013","Dulces","2025-04-23 08:50:00","ENTRADAS","$0.00","$0.00",NULL,NULL
"ad6c0a1c","Vasos y pitillos","2025-01-24 15:21:00","ENTRADAS","$59,800.00","$200.00",NULL,NULL
"ada442cf","Mezclas","2025-11-23 14:40:00","SALIDAS","$0.00","$0.00",NULL,NULL
"af25a9c1","Mezclas","2025-10-15 17:36:00","SALIDAS","$0.00","$0.00",NULL,NULL
"b017d682","Vasos","2025-06-23 13:11:00","ENTRADAS","$0.00","$0.00",NULL,NULL
"b0778a6f","Mezclas","2024-11-16 14:33:00","SALIDAS","$0.00","$0.00",NULL,NULL
"b12d4675","Mezclas","2024-12-28 11:06:00","SALIDAS","$0.00","$0.00",NULL,NULL
"b16f7aca","Chicle y aros","2025-01-09 13:37:00","ENTRADAS","$0.00","$0.00",NULL,NULL
"b31418c5","Mezclas","2025-05-23 14:19:00","SALIDAS","$0.00","$0.00",NULL,NULL
"b319cbcb","Mezclas","2025-09-11 14:28:00","SALIDAS","$0.00","$0.00",NULL,NULL
"b424efa1","Mezclas","2025-09-18 15:08:00","SALIDAS","$0.00","$0.00",NULL,NULL
"b4f56065","Mezclas","2025-11-26 17:59:00","SALIDAS","$0.00","$0.00",NULL,NULL
"b4ffa490","Vasos y paletas","2025-05-07 11:35:00","ENTRADAS","$0.00","$0.00",NULL,NULL
"b50f76a2","Mezclas","2025-06-08 13:23:00","SALIDAS","$0.00","$0.00",NULL,NULL
"b5676324","Mezclas","2025-12-07 14:18:00","SALIDAS","$0.00","$0.00",NULL,NULL
"b64ad72c","Aros y vasos","2025-01-25 12:14:00","ENTRADAS","$0.00","$0.00",NULL,NULL
"b693452b","Mezclas","2025-07-19 14:21:00","SALIDAS","$0.00","$0.00",NULL,NULL
"b74752e9","Mezclas","2025-03-07 14:56:00","SALIDAS","$0.00","$0.00",NULL,NULL
"b77531ef","Mezclas","2024-12-27 14:38:00","SALIDAS","$0.00","$0.00",NULL,NULL
"b7a8b554","Mezclas","2025-05-01 14:23:00","SALIDAS","$0.00","$0.00",NULL,NULL
"b82cf98a","Mezclas","2025-05-16 14:20:00","SALIDAS","$0.00","$0.00",NULL,NULL
"b93cfb84","Mezclas","2025-02-02 13:18:00","SALIDAS","$0.00","$0.00",NULL,NULL
"baf046d9","Mezclas","2025-06-04 15:22:00","SALIDAS","$0.00","$0.00",NULL,NULL
"bafd438e","Mezclas","2025-09-26 13:30:00","SALIDAS","$0.00","$0.00",NULL,NULL
"bb1d2437","Paleta, trolli anillos, vasos y demas","2025-06-11 09:06:00","ENTRADAS","$0.00","$0.00",NULL,NULL
"bb717b18","Vasos y paletas","2025-05-14 15:25:00","ENTRADAS","$0.00","$0.00",NULL,NULL
"bbd29d28","Mezclas","2025-02-16 13:23:00","SALIDAS","$0.00","$0.00",NULL,NULL
"bbfcbaa5","Cintas","2025-09-11 09:35:00","ENTRADAS","$0.00","$0.00",NULL,NULL
"bc40b5ef","Mezclas","2025-06-27 14:12:00","SALIDAS","$0.00","$0.00",NULL,NULL
"bc49f4a1","Mezclas","2025-06-22 13:20:00","SALIDAS","$0.00","$0.00",NULL,NULL
"bc50fafb","Mezclas","2025-08-29 14:19:00","SALIDAS","$0.00","$0.00",NULL,NULL
"bc619589","Mezclas","2024-11-15 14:54:00","SALIDAS","$0.00","$0.00",NULL,NULL
"bccc65da","Mezclas","2025-10-13 13:03:00","SALIDAS","$0.00","$0.00",NULL,NULL
"bcce914d","Mezclas","2025-05-07 15:12:00","SALIDAS","$0.00","$0.00",NULL,NULL
"bcf086c5","Mezclas","2025-10-31 13:02:00","SALIDAS","$0.00","$0.00",NULL,NULL
"bd2b87f1","Mezclas","2025-07-31 14:19:00","SALIDAS","$0.00","$0.00",NULL,NULL
"bdbd6240","Vasos, servilletas y Chantilly","2025-03-21 16:35:00","ENTRADAS","$0.00","$0.00",NULL,NULL
"bed6c45f","Mezclas","2025-02-01 14:18:00","SALIDAS","$0.00","$0.00",NULL,NULL
"befe5597","Chicle y paleta","2024-11-11 13:29:00","ENTRADAS","$0.00","$0.00",NULL,NULL
"bfe1b7e8","Dulces","2025-02-20 23:09:00","ENTRADAS","$0.00","$0.00",NULL,NULL
"bff05c5f","Mezclas","2025-05-04 13:27:00","SALIDAS","$0.00","$0.00",NULL,NULL
"c0383bea","Mezclas","2025-03-15 09:13:00","ENTRADAS","$3,416,490.00","$237,510.00",NULL,NULL
"c0401ecf","Mezclas","2025-09-03 15:22:00","SALIDAS","$0.00","$0.00",NULL,NULL
"c0670bb4","Mezclas","2025-03-20 15:33:00","SALIDAS","$0.00","$0.00",NULL,NULL
"c09c0a76","Mezclas","2026-01-06 13:02:00","SALIDAS","$0.00","$0.00",NULL,NULL
"c0bbd517","Boli pop","2025-05-29 18:43:00","ENTRADAS","$0.00","$0.00",NULL,NULL
"c2e6e129","Mezclas","2025-02-08 11:04:00","SALIDAS","$0.00","$0.00",NULL,NULL
"c3001215","Mezclas","2025-01-22 14:01:00","SALIDAS","$0.00","$0.00",NULL,NULL
"c318d6f8","Mezclas","2025-01-09 13:00:00","SALIDAS","$0.00","$0.00",NULL,NULL
"c32c6793","Pitillos y demas","2025-06-13 22:13:00","ENTRADAS","$37,300.00","-$100.00",NULL,NULL
"c349c96c","Mezclas","2025-05-11 13:25:00","SALIDAS","$0.00","$0.00",NULL,NULL
"c448d4cd","Mezclas","2025-03-16 13:20:00","SALIDAS","$0.00","$0.00",NULL,NULL
"c4d01d97","Mezclas","2025-11-08 13:35:00","SALIDAS","$0.00","$0.00",NULL,NULL
"c507a92d","Mezclas","2024-11-28 14:08:00","SALIDAS","$0.00","$0.00",NULL,NULL
"c5641281","Luisa Castaño","2025-08-22 14:19:00","SALIDAS","$0.00","$0.00",NULL,NULL
"c64098aa","Mezclas","2025-12-20 14:13:00","SALIDAS","$0.00","$0.00",NULL,NULL
"c6aedcc8","Vasos","2025-04-06 18:56:00","ENTRADAS","$0.00","$0.00",NULL,NULL
"c77e1634","Mezclas","2025-11-03 08:09:00","SALIDAS","$0.00","$0.00",NULL,NULL
"c7f0e265","Mezclas","2025-01-25 14:29:00","SALIDAS","$0.00","$0.00",NULL,NULL
"cbc44f1e","Mezclas","2025-12-24 16:43:00","SALIDAS","$0.00","$0.00",NULL,NULL
"cc23e479","Mezclas","2025-06-02 13:11:00","SALIDAS","$0.00","$0.00",NULL,NULL
"ce888f99","Mezclas","2024-11-20 15:35:00","SALIDAS","$0.00","$0.00",NULL,NULL
"ced0d1b8","Mezclas","2024-12-24 14:52:00","SALIDAS","$0.00","$0.00",NULL,NULL
"cee7a1f0","Mezclas","2024-11-07 14:32:00","SALIDAS","$0.00","$0.00",NULL,NULL
"cf012397","Cintas y nanos","2026-01-07 15:48:00","ENTRADAS","$0.00","$0.00",NULL,NULL
"cf06495c","Oka loca y anaiconda","2025-01-18 08:54:00","ENTRADAS","$610,792.00","$200.00",NULL,NULL
"d0d6edf3","Mezclas","2025-06-11 15:23:00","SALIDAS","$0.00","$0.00",NULL,NULL
"d1a5375b","Mezclas","2025-06-05 16:16:00","SALIDAS","$0.00","$0.00",NULL,NULL
"d25a7977","Cintas y bolipop","2025-07-31 14:22:00","ENTRADAS","$129,000.00","$0.00",NULL,NULL
"d263b4b5","Vasos","2025-02-02 14:17:00","ENTRADAS","$0.00","$0.00",NULL,NULL
"d302c193","Dulces","2025-05-31 09:44:00","ENTRADAS","$0.00","$0.00",NULL,NULL
"d3606067","Mezclas","2025-09-28 13:14:00","SALIDAS","$0.00","$0.00",NULL,NULL
"d3a820e3","Mezclas","2025-04-26 14:19:00","SALIDAS","$0.00","$0.00",NULL,NULL
"d3b7664f","Gomas","2024-12-28 09:21:00","ENTRADAS","$0.00","$0.00",NULL,NULL
"d44c34f0","Mezclas","2025-02-28 14:12:00","SALIDAS","$0.00","$0.00",NULL,NULL
"d475a6ee","Vasos y aros","2025-06-04 15:51:00","ENTRADAS","$0.00","$0.00",NULL,NULL
"d60cee04","Mezclas","2025-06-21 14:31:00","SALIDAS","$0.00","$0.00",NULL,NULL
"d6a51468","Mezclas","2025-11-28 15:33:00","SALIDAS","$0.00","$0.00",NULL,NULL
"d738c349","Vasos","2024-12-23 16:05:00","ENTRADAS","$0.00","$0.00",NULL,NULL
"d7c90af8","Mezclas","2025-09-27 12:28:00","SALIDAS","$0.00","$0.00",NULL,NULL
"d8e6e7bd","INSUMOS","2025-12-11 16:53:00","ENTRADAS","$8,953,560.00","$622,440.00",NULL,NULL
"d91d2c81","Mezclas","2025-08-31 11:14:00","SALIDAS","$0.00","$0.00",NULL,NULL
"daba72c5","Mezclas","2025-12-06 15:03:00","SALIDAS","$0.00","$0.00",NULL,NULL
"db1d9e10","Mezclas","2024-12-26 14:08:00","SALIDAS","$0.00","$0.00",NULL,NULL
"db36ae0d","Mezclas","2024-12-06 19:01:00","SALIDAS","$0.00","$0.00",NULL,NULL
"dba13c6c","Mezclas","2024-12-19 09:28:00","SALIDAS","$0.00","$0.00",NULL,NULL
"dc030153","Mezclas","2025-03-05 15:34:00","SALIDAS","$0.00","$0.00",NULL,NULL
"ddbec49e","Mezclas","2025-08-28 14:16:00","SALIDAS","$0.00","$0.00",NULL,NULL
"ddc4b49a","Mezclas","2025-01-04 14:07:00","SALIDAS","$0.00","$0.00",NULL,NULL
"de47824f","Mezclas","2025-06-15 13:32:00","SALIDAS","$0.00","$0.00",NULL,NULL
"de55b7ed","Mezclas","2025-12-22 15:24:00","SALIDAS","$0.00","$0.00",NULL,NULL
"de5c26d1","Vasos","2025-04-05 15:55:00","ENTRADAS","$142,300.00","$200.00",NULL,NULL
"decc8149","Mezclas","2025-05-18 13:17:00","SALIDAS","$0.00","$0.00",NULL,NULL
"dee6abf0","Chicles y vasos","2025-05-10 10:02:00","ENTRADAS","$0.00","$0.00",NULL,NULL
"df2cebf1","Mezclas","2025-07-24 14:20:00","SALIDAS","$0.00","$0.00",NULL,NULL
"df71c758","Mezclas","2025-05-02 13:38:00","SALIDAS","$0.00","$0.00",NULL,NULL
"dfaa0334","Mezclas","2025-02-26 14:46:00","SALIDAS","$0.00","$0.00",NULL,NULL
"dfcf68b0","Mezclas","2025-04-20 13:17:00","SALIDAS","$0.00","$0.00",NULL,NULL
"e12087c7","Mezclas","2025-08-30 14:12:00","SALIDAS","$0.00","$0.00",NULL,NULL
"e16fec40","Mezclas","2025-08-20 15:40:00","SALIDAS","$0.00","$0.00",NULL,NULL
"e19afb1c","Dulces","2025-03-02 18:59:00","ENTRADAS","$0.00","$0.00",NULL,NULL
"e1f14a55","Mezclas","2025-08-17 13:14:00","SALIDAS","$0.00","$0.00",NULL,NULL
"e239bc15","Gomas","2024-12-26 08:17:00","ENTRADAS","$0.00","$0.00",NULL,NULL
"e29f77ed","Mezclas","2025-03-24 12:33:00","SALIDAS","$0.00","$0.00",NULL,NULL
"e2fb14da","Mezclas CALI","2025-06-18 13:48:00","ENTRADAS","$7,906,360.00","$549,640.00",NULL,NULL
"e30b595f","Dulces","2025-03-08 08:42:00","ENTRADAS","$0.00","$0.00",NULL,NULL
"e3a79262","Mezclas","2025-10-29 16:56:00","SALIDAS","$0.00","$0.00",NULL,NULL
"e407c749","Pitillos y vasos","2025-01-11 07:51:00","ENTRADAS","$25,000.00","$200.00",NULL,NULL
"e43febac","Vasos","2025-02-27 16:35:00","ENTRADAS","$0.00","$0.00",NULL,NULL
"e49a69ce","Chicle, barquillo y cintas","2024-11-16 11:49:00","ENTRADAS","$285,800.00","$200.00",NULL,NULL
"e5a6e6fa","Mezclas","2025-07-30 15:14:00","SALIDAS","$0.00","$0.00",NULL,NULL
"e5c0af93","Mezclas","2025-11-15 14:12:00","SALIDAS","$0.00","$0.00",NULL,NULL
"e5df6ed2","Mezclas","2025-12-27 01:35:00","SALIDAS","$0.00","$0.00",NULL,NULL
"e61e1186","Mezclas","2025-12-10 17:47:00","SALIDAS","$0.00","$0.00",NULL,NULL
"e6321e4c","Dulces y vasos","2025-05-20 20:24:00","ENTRADAS","$0.00","$0.00",NULL,NULL
"e64e0ffd","Mezclas","2025-02-23 13:09:00","SALIDAS","$0.00","$0.00",NULL,NULL
"e64e2f95","Dulces","2025-12-16 08:51:00","ENTRADAS","$0.00","$0.00",NULL,NULL
"e6ba3a13","Mezclas","2025-01-18 16:52:00","SALIDAS","$0.00","$0.00",NULL,NULL
"e6c35b2b","Cinta acida","2024-11-21 09:17:00","ENTRADAS","$0.00","$0.00",NULL,NULL
"e7e5e162","Mezclas que no estan","2025-02-14 13:48:00","SALIDAS","$0.00","$0.00",NULL,NULL
"e8288ee6","Dulces","2025-04-11 22:42:00","ENTRADAS","$0.00","$0.00",NULL,NULL
"e8697d28","Mezclas","2025-09-06 12:12:00","SALIDAS","$0.00","$0.00",NULL,NULL
"e881e455","Mezclas","2025-08-02 15:45:00","SALIDAS","$0.00","$0.00",NULL,NULL
"e8e5a738","Mezclas","2025-04-10 14:17:00","SALIDAS","$0.00","$0.00",NULL,NULL
"e9a9d750","Mezclas","2025-10-03 13:19:00","SALIDAS","$0.00","$0.00",NULL,NULL
"ea0d858e","Mezclas","2025-08-08 14:19:00","SALIDAS","$0.00","$0.00",NULL,NULL
"ea24a943","Mezclas","2025-05-28 15:14:00","SALIDAS","$0.00","$0.00",NULL,NULL
"ea80f72c","Mezclas","2024-12-30 13:51:00","SALIDAS","$0.00","$0.00",NULL,NULL
"eacefc0d","Insumos","2025-08-29 08:49:00","ENTRADAS","$0.00","$0.00",NULL,NULL
"ebf38f46","Mezclas","2025-08-27 15:29:00","SALIDAS","$0.00","$0.00",NULL,NULL
"ec0997c9","Mezclas que ya no hay","2025-03-28 20:36:00","SALIDAS","$0.00","$0.00",NULL,NULL
"ec1592b6","Mezclas","2026-01-03 14:03:00","SALIDAS","$0.00","$0.00",NULL,NULL
"ec2826d9","Mezclas","2025-02-27 14:15:00","SALIDAS","$0.00","$0.00",NULL,NULL
"eca895b4","Mezclas","2025-11-09 12:58:00","SALIDAS","$0.00","$0.00",NULL,NULL
"ed33e874","Dulces","2025-10-30 10:30:00","ENTRADAS","$0.00","$0.00",NULL,NULL
"ed49a264","Mezclas","2025-02-09 13:23:00","SALIDAS","$0.00","$0.00",NULL,NULL
"edfc9f07","Gusanos y aros","2025-05-08 16:21:00","ENTRADAS","$0.00","$0.00",NULL,NULL
"ee581d8b","Gomas","2025-08-01 14:40:00","ENTRADAS","$0.00","$0.00",NULL,NULL
"eec6ba6c","Vasos, pitillos, bolsas de topings","2025-03-22 11:30:00","ENTRADAS","$69,300.00","$200.00",NULL,NULL
"ef61caf9","Mezclas","2025-05-29 14:31:00","SALIDAS","$0.00","$0.00",NULL,NULL
"f019a365","Mezclas","2025-12-15 17:29:00","SALIDAS","$0.00","$0.00",NULL,NULL
"f0ccb6cc","Dulces","2025-10-23 14:51:00","ENTRADAS","$0.00","$0.00",NULL,NULL
"f10b1e4f","Mezclas","2025-07-06 13:15:00","SALIDAS","$0.00","$0.00",NULL,NULL
"f19fb6e6","Mezclas","2025-02-12 13:10:00","SALIDAS","$0.00","$0.00",NULL,NULL
"f250ea90","Pitillos, vasos y gomas","2025-08-23 08:21:00","ENTRADAS","$0.00","$0.00",NULL,NULL
"f26e5173","Mezclas","2025-05-24 14:26:00","SALIDAS","$0.00","$0.00",NULL,NULL
"f2b00b9e","Mezclas","2024-12-20 13:27:00","SALIDAS","$0.00","$0.00",NULL,NULL
"f311fea5","Vasos","2025-02-07 19:58:00","ENTRADAS","$0.00","$0.00",NULL,NULL
"f33c1c83","Mezclas","2025-12-16 11:55:00","SALIDAS","$0.00","$0.00",NULL,NULL
"f3cdbf27","Mezclas","2025-12-29 15:23:00","SALIDAS","$0.00","$0.00",NULL,NULL
"f3e069de","Mezclas","2024-11-10 13:21:00","SALIDAS","$0.00","$0.00",NULL,NULL
"f3f8870f","Mezclas","2024-12-01 13:34:00","SALIDAS","$0.00","$0.00",NULL,NULL
"f45a84f7","Dulces","2025-08-08 14:31:00","ENTRADAS","$183,000.00","$0.00",NULL,NULL
"f4d24752","Mezclas","2025-03-12 15:17:00","SALIDAS","$0.00","$0.00",NULL,NULL
"f4d89d72","Aros","2024-11-20 17:12:00","ENTRADAS","$0.00","$0.00",NULL,NULL
"f526e7c1","Mezclas","2025-05-22 15:11:00","SALIDAS","$0.00","$0.00",NULL,NULL
"f54594aa","Mezclas que no hay","2025-12-02 12:38:00","SALIDAS","$0.00","$0.00",NULL,NULL
"f565b238","Mezclas","2025-10-24 13:26:00","SALIDAS","$0.00","$0.00",NULL,NULL
"f5728936","Mezclas","2025-01-29 14:46:00","SALIDAS","$0.00","$0.00",NULL,NULL
"f61542b9","Vasos 12 onz","2025-01-18 17:21:00","ENTRADAS","$0.00","$0.00",NULL,NULL
"f725fb52","Gomas y pitillos","2025-02-05 08:40:00","ENTRADAS","$200,992.00","$200.00",NULL,NULL
"f75dd1fb","Chantilly","2025-06-02 10:50:00","ENTRADAS","$0.00","$0.00",NULL,NULL
"f8b62881","Mezclas","2024-11-22 14:44:00","SALIDAS","$0.00","$0.00",NULL,NULL
"f8f2532e","Vasos","2025-08-14 15:29:00","ENTRADAS","$0.00","$0.00",NULL,NULL
"f9a56c89","Mezclas","2026-01-11 13:27:00","SALIDAS","$0.00","$0.00",NULL,NULL
"f9cbc3c7","Mezclas","2024-11-09 14:03:00","SALIDAS","$0.00","$0.00",NULL,NULL
"fa001e35","Mezclas","2025-11-21 13:36:00","SALIDAS","$0.00","$0.00",NULL,NULL
"fa82a71c","Mezclas","2025-06-12 16:55:00","SALIDAS","$0.00","$0.00",NULL,NULL
"fab8359f","Dulces","2025-10-10 09:42:00","ENTRADAS","$0.00","$0.00",NULL,NULL
"fb337cc1","Mezclas","2025-07-20 13:48:00","SALIDAS","$0.00","$0.00",NULL,NULL
"fb408e30","Vasos y gomas","2025-09-13 09:21:00","ENTRADAS","$0.00","$0.00",NULL,NULL
"fba0e2ae","Mezclas","2025-08-06 10:27:00","SALIDAS","$0.00","$0.00",NULL,NULL
"fbc35d04","Mezclas","2024-12-11 14:19:00","SALIDAS","$0.00","$0.00",NULL,NULL
"fc1d6f4b","Vasos, chicles y pitillos","2025-03-15 10:46:00","ENTRADAS","$321,300.00","$200.00",NULL,NULL
"fcffc2c7","Mezclas","2024-12-08 13:06:00","SALIDAS","$0.00","$0.00",NULL,NULL
"fd608b04","Mezclas","2025-04-03 14:14:00","SALIDAS","$0.00","$0.00",NULL,NULL
"fd80c47d","Mezclas","2025-04-12 14:33:00","SALIDAS","$0.00","$0.00",NULL,NULL
"fe31c3ce","Vasos y gomas","2025-09-05 09:52:00","ENTRADAS","$0.00","$0.00",NULL,NULL
"feb219df","Paletas y lechera","2024-11-15 17:57:00","ENTRADAS","$0.00","$0.00",NULL,NULL
"ff646ae0","Chicles y vasos","2025-07-18 09:10:00","ENTRADAS","$0.00","$0.00",NULL,NULL
"ff775109","Mezclas","2025-07-27 13:11:00","SALIDAS","$0.00","$0.00",NULL,NULL
"ff95b7fb","Mezclas","2024-12-25 13:45:00","SALIDAS","$0.00","$0.00",NULL,NULL
