IDorderventas;IDventas;Categoria;Nombre;Cantidad;Precio;Precio total;Estado;Comentarios;Imagen;fecha;SALSA;HELADO;TOPINGS;CategoriaProducto;ImagenUrl;NombreProducto;createdAt;productoId;updatedAt;usuarioId
cmom66gey0008k0qnr0mopdgi;cmom66fuj0006k0qnlqlty8ts;CREMOSOS;Cremoso 24 Onz;1;$20,000.00;$20,000.00;completada;NULL;NULL;1/05/2026;NULL;NULL;NULL;CREMOSOS;https://www.appsheet.com/template/gettablefileurl?appName=QHuboMor-7868274&tableName=PRODUCTOS&fileName=PRODUCTOS_Images/9f390fc14.Image.145200.png;Cremoso 24 Onz;NULL;9f390fc14;NULL;cmom4whz80000k0qnjs8qb3sc
cmom7w9ju0005aupg5yp4i38v;cmom7w8yj0003aupgj4d9viea;LO MAS VENDIDO;Normal 12 Onz Con licor;2;$12,000.00;$24,000.00;COMPLETADA;NULL;NULL;1/05/2026;NULL;NULL;NULL;LO MAS VENDIDO;https://www.appsheet.com/template/gettablefileurl?appName=QHuboMor-7868274&tableName=PRODUCTOS&fileName=PRODUCTOS_Images/9f390fc10.Image.145058.png;Normal 12 Onz Con licor;NULL;9f390fc10;NULL;cmom4whz80000k0qnjs8qb3sc
cmom7w9oy0007aupgga1s0m92;cmom7w8yj0003aupgj4d9viea;LO MAS VENDIDO;Tapas domicilio;1;$1,000.00;$1,000.00;COMPLETADA;NULL;NULL;1/05/2026;NULL;NULL;NULL;LO MAS VENDIDO;PRODUCTOS_Images/e852ea91.Image.183922.jpg;Tapas domicilio;NULL;e852ea91;NULL;cmom4whz80000k0qnjs8qb3sc
cmom7w9oy0009aupgbvr8nosv;cmom7w8yj0003aupgj4d9viea;LO MAS VENDIDO;Adicional de gomas;1;$2,000.00;$2,000.00;COMPLETADA;NULL;NULL;1/05/2026;NULL;NULL;NULL;LO MAS VENDIDO;PRODUCTOS_Images/b5a797f3.Image.183751.jpg;Adicional de gomas;NULL;b5a797f3;NULL;cmom4whz80000k0qnjs8qb3sc
cmomag4dq000faupgkh8y131o;cmomag3tj000daupg0c8fdvht;LO MAS VENDIDO;Normal 12 Onz Con licor;2;$12,000.00;$24,000.00;PAGADO;NULL;NULL;1/05/2026;NULL;NULL;NULL;LO MAS VENDIDO;https://www.appsheet.com/template/gettablefileurl?appName=QHuboMor-7868274&tableName=PRODUCTOS&fileName=PRODUCTOS_Images/9f390fc10.Image.145058.png;Normal 12 Onz Con licor;NULL;9f390fc10;NULL;cmom4whz80000k0qnjs8qb3sc
cmomag4dr000haupgph8e1jrg;cmomag3tj000daupg0c8fdvht;LO MAS VENDIDO;Normal 24 Onz;1;$20,000.00;$20,000.00;PAGADO;NULL;NULL;1/05/2026;NULL;NULL;NULL;LO MAS VENDIDO;https://www.appsheet.com/template/gettablefileurl?appName=QHuboMor-7868274&tableName=PRODUCTOS&fileName=PRODUCTOS_Images/9f390fc12.Image.145116.png;Normal 24 Onz;NULL;9f390fc12;NULL;cmom4whz80000k0qnjs8qb3sc
cmomhehiu000laupghaschy1f;cmomhegzk000jaupgwrvizqdb;LO MAS VENDIDO;Normal 12 Onz Con licor;1;$12,000.00;$12,000.00;PAGADO;NULL;NULL;1/05/2026;NULL;NULL;NULL;LO MAS VENDIDO;https://www.appsheet.com/template/gettablefileurl?appName=QHuboMor-7868274&tableName=PRODUCTOS&fileName=PRODUCTOS_Images/9f390fc10.Image.145058.png;Normal 12 Onz Con licor;NULL;9f390fc10;NULL;cmom4whz80000k0qnjs8qb3sc
cmomhie61000paupgpiafngdp;cmomhidwg000naupgz9lwy1tv;LO MAS VENDIDO;Normal 12 Onz Con licor;1;$12,000.00;$12,000.00;TOMADO;NULL;NULL;1/05/2026;NULL;NULL;NULL;LO MAS VENDIDO;https://www.appsheet.com/template/gettablefileurl?appName=QHuboMor-7868274&tableName=PRODUCTOS&fileName=PRODUCTOS_Images/9f390fc10.Image.145058.png;Normal 12 Onz Con licor;NULL;9f390fc10;NULL;cmom4whz80000k0qnjs8qb3sc
cmomhoidb000taupgcxv0s0n5;cmomhohsn000raupgmsyzt4mn;LO MAS VENDIDO;Normal 12 Onz Con licor;1;$12,000.00;$12,000.00;PAGADO;NULL;NULL;1/05/2026;NULL;NULL;NULL;LO MAS VENDIDO;https://www.appsheet.com/template/gettablefileurl?appName=QHuboMor-7868274&tableName=PRODUCTOS&fileName=PRODUCTOS_Images/9f390fc10.Image.145058.png;Normal 12 Onz Con licor;NULL;9f390fc10;NULL;cmom4whz80000k0qnjs8qb3sc
cmomhpd32000xaupgt4ezgfnu;cmomhpcic000vaupgl2z973i7;LO MAS VENDIDO;Tapas domicilio;1;$1,000.00;$1,000.00;PAGADO;NULL;NULL;1/05/2026;NULL;NULL;NULL;LO MAS VENDIDO;PRODUCTOS_Images/e852ea91.Image.183922.jpg;Tapas domicilio;NULL;e852ea91;NULL;cmom4whz80000k0qnjs8qb3sc
cmomhpd87000zaupg7qhmeah8;cmomhpcic000vaupgl2z973i7;LO MAS VENDIDO;Normal 12 Onz Con licor;1;$12,000.00;$12,000.00;PAGADO;NULL;NULL;1/05/2026;NULL;NULL;NULL;LO MAS VENDIDO;https://www.appsheet.com/template/gettablefileurl?appName=QHuboMor-7868274&tableName=PRODUCTOS&fileName=PRODUCTOS_Images/9f390fc10.Image.145058.png;Normal 12 Onz Con licor;NULL;9f390fc10;NULL;cmom4whz80000k0qnjs8qb3sc
cmomhqmdz0013aupgrskrqrcn;cmomhqlto0011aupgrtx97cra;LO MAS VENDIDO;Shot de tequila;1;$5,000.00;$5,000.00;PAGADO;NULL;NULL;1/05/2026;NULL;NULL;NULL;LO MAS VENDIDO;https://www.appsheet.com/template/gettablefileurl?appName=QHuboMor-7868274&tableName=PRODUCTOS&fileName=PRODUCTOS_Images/8a734bcd.Image.232649.jpg;Shot de tequila;NULL;8a734bcd;NULL;cmom4whz80000k0qnjs8qb3sc
cmomi3gvu0017aupgut3zpc8x;cmomi3gcc0015aupg56udfy67;LO MAS VENDIDO;Normal 12 Onz Con licor;1;$12,000.00;$12,000.00;TOMADO;NULL;NULL;1/05/2026;NULL;NULL;NULL;LO MAS VENDIDO;https://www.appsheet.com/template/gettablefileurl?appName=QHuboMor-7868274&tableName=PRODUCTOS&fileName=PRODUCTOS_Images/9f390fc10.Image.145058.png;Normal 12 Onz Con licor;NULL;9f390fc10;NULL;cmom4whz80000k0qnjs8qb3sc
cmomiatl5001baupgfterkhkh;cmomiat0s0019aupgcgz6vncn;LO MAS VENDIDO;Normal 12 Onz Con licor;1;$12,000.00;$12,000.00;EN_EL_CARRITO;NULL;NULL;1/05/2026;NULL;NULL;NULL;LO MAS VENDIDO;https://www.appsheet.com/template/gettablefileurl?appName=QHuboMor-7868274&tableName=PRODUCTOS&fileName=PRODUCTOS_Images/9f390fc10.Image.145058.png;Normal 12 Onz Con licor;NULL;9f390fc10;NULL;cmom4whz80000k0qnjs8qb3sc
cmomim6w0001faupg80gup32t;cmomim6bm001daupghud3v4g4;LO MAS VENDIDO;Normal 12 Onz Con licor;1;$12,000.00;$12,000.00;TOMADO;NULL;NULL;1/05/2026;NULL;NULL;NULL;LO MAS VENDIDO;https://www.appsheet.com/template/gettablefileurl?appName=QHuboMor-7868274&tableName=PRODUCTOS&fileName=PRODUCTOS_Images/9f390fc10.Image.145058.png;Normal 12 Onz Con licor;NULL;9f390fc10;NULL;cmom4whz80000k0qnjs8qb3sc
cmomio341001jaupgrdrjswcq;cmomio2jt001haupg6gts2m3v;LO MAS VENDIDO;Normal 12 Onz Con licor;1;$12,000.00;$12,000.00;EN_EL_CARRITO;NULL;NULL;1/05/2026;NULL;NULL;NULL;LO MAS VENDIDO;https://www.appsheet.com/template/gettablefileurl?appName=QHuboMor-7868274&tableName=PRODUCTOS&fileName=PRODUCTOS_Images/9f390fc10.Image.145058.png;Normal 12 Onz Con licor;NULL;9f390fc10;NULL;cmom4whz80000k0qnjs8qb3sc
cmomixd78001naupgmtedzcqr;cmomixco4001laupg543d2v4m;LO MAS VENDIDO;Tapas domicilio;1;$1,000.00;$1,000.00;TOMADO;NULL;NULL;1/05/2026;NULL;NULL;NULL;LO MAS VENDIDO;PRODUCTOS_Images/e852ea91.Image.183922.jpg;Tapas domicilio;NULL;e852ea91;NULL;cmom4whz80000k0qnjs8qb3sc
cmomjc8jq001raupgu11vjmng;cmomjc7yl001paupg4dxtai0p;LO MAS VENDIDO;Normal 24 Onz;1;$20,000.00;$20,000.00;PAGADO;NULL;NULL;1/05/2026;NULL;NULL;NULL;LO MAS VENDIDO;https://www.appsheet.com/template/gettablefileurl?appName=QHuboMor-7868274&tableName=PRODUCTOS&fileName=PRODUCTOS_Images/9f390fc12.Image.145116.png;Normal 24 Onz;NULL;9f390fc12;NULL;cmom4whz80000k0qnjs8qb3sc
cmomjc8oh001taupgvu1wlpn2;cmomjc7yl001paupg4dxtai0p;LO MAS VENDIDO;Normal 12 Onz Con licor;1;$12,000.00;$12,000.00;PAGADO;NULL;NULL;1/05/2026;NULL;NULL;NULL;LO MAS VENDIDO;https://www.appsheet.com/template/gettablefileurl?appName=QHuboMor-7868274&tableName=PRODUCTOS&fileName=PRODUCTOS_Images/9f390fc10.Image.145058.png;Normal 12 Onz Con licor;NULL;9f390fc10;NULL;cmom4whz80000k0qnjs8qb3sc
cmomjc8oo001vaupg20xjpo1p;cmomjc7yl001paupg4dxtai0p;LO MAS VENDIDO;Tapas domicilio;1;$1,000.00;$1,000.00;PAGADO;NULL;NULL;1/05/2026;NULL;NULL;NULL;LO MAS VENDIDO;PRODUCTOS_Images/e852ea91.Image.183922.jpg;Tapas domicilio;NULL;e852ea91;NULL;cmom4whz80000k0qnjs8qb3sc
cmomjc8ou001xaupgq86kn1ih;cmomjc7yl001paupg4dxtai0p;LO MAS VENDIDO;Normal 12 Onz Sin licor;1;$8,000.00;$8,000.00;PAGADO;NULL;NULL;1/05/2026;NULL;NULL;NULL;LO MAS VENDIDO;https://www.appsheet.com/template/gettablefileurl?appName=QHuboMor-7868274&tableName=PRODUCTOS&fileName=PRODUCTOS_Images/9f390fc16.Image.145450.png;Normal 12 Onz Sin licor;NULL;9f390fc16;NULL;cmom4whz80000k0qnjs8qb3sc
cmomjh90s0021aupguty7rh91;cmomjh8fd001zaupgvfdhs0pk;LO MAS VENDIDO;Normal 12 Onz Con licor;3;$12,000.00;$36,000.00;PAGADO;NULL;NULL;1/05/2026;NULL;NULL;NULL;LO MAS VENDIDO;https://www.appsheet.com/template/gettablefileurl?appName=QHuboMor-7868274&tableName=PRODUCTOS&fileName=PRODUCTOS_Images/9f390fc10.Image.145058.png;Normal 12 Onz Con licor;NULL;9f390fc10;NULL;cmom4whz80000k0qnjs8qb3sc
cmomjlopf0025aupg20ivo2y7;cmomjlo5g0023aupgma60m57b;LO MAS VENDIDO;Normal 12 Onz Con licor;1;$12,000.00;$12,000.00;PAGADO;NULL;NULL;1/05/2026;NULL;NULL;NULL;LO MAS VENDIDO;https://www.appsheet.com/template/gettablefileurl?appName=QHuboMor-7868274&tableName=PRODUCTOS&fileName=PRODUCTOS_Images/9f390fc10.Image.145058.png;Normal 12 Onz Con licor;NULL;9f390fc10;NULL;cmom4whz80000k0qnjs8qb3sc
cmomjs1ul0029aupgok5x0kek;cmomjs1a50027aupg9kxz4ile;LO MAS VENDIDO;Normal 12 Onz Con licor;1;$12,000.00;$12,000.00;PAGADO;NULL;NULL;1/05/2026;NULL;NULL;NULL;LO MAS VENDIDO;https://www.appsheet.com/template/gettablefileurl?appName=QHuboMor-7868274&tableName=PRODUCTOS&fileName=PRODUCTOS_Images/9f390fc10.Image.145058.png;Normal 12 Onz Con licor;NULL;9f390fc10;NULL;cmom4whz80000k0qnjs8qb3sc
cmomkhtly002daupgxfx63r2b;cmomkht18002baupgd5q59mmn;LO MAS VENDIDO;Normal 12 Onz Con licor;1;$12,000.00;$12,000.00;TOMADO;NULL;NULL;1/05/2026;NULL;NULL;NULL;LO MAS VENDIDO;https://www.appsheet.com/template/gettablefileurl?appName=QHuboMor-7868274&tableName=PRODUCTOS&fileName=PRODUCTOS_Images/9f390fc10.Image.145058.png;Normal 12 Onz Con licor;NULL;9f390fc10;NULL;cmom4whz80000k0qnjs8qb3sc
cmomkijk3002haupgxzrcadxc;cmomkij4j002faupgggeryavx;LO MAS VENDIDO;Normal 12 Onz Con licor;1;$12,000.00;$12,000.00;PAGADO;NULL;NULL;1/05/2026;NULL;NULL;NULL;LO MAS VENDIDO;https://www.appsheet.com/template/gettablefileurl?appName=QHuboMor-7868274&tableName=PRODUCTOS&fileName=PRODUCTOS_Images/9f390fc10.Image.145058.png;Normal 12 Onz Con licor;NULL;9f390fc10;NULL;cmom4whz80000k0qnjs8qb3sc
cmomkmt1y002laupgait0qvo5;cmomkmsh2002jaupga97bzeok;LO MAS VENDIDO;Normal 12 Onz Con licor;1;$12,000.00;$12,000.00;TOMADO;NULL;NULL;1/05/2026;NULL;NULL;NULL;LO MAS VENDIDO;https://www.appsheet.com/template/gettablefileurl?appName=QHuboMor-7868274&tableName=PRODUCTOS&fileName=PRODUCTOS_Images/9f390fc10.Image.145058.png;Normal 12 Onz Con licor;NULL;9f390fc10;NULL;cmom4whz80000k0qnjs8qb3sc
cmomknmwb002paupgij6vouqd;cmomknmgx002naupgkwbxypwh;LO MAS VENDIDO;Shot de tequila;1;$5,000.00;$5,000.00;PAGADO;NULL;NULL;1/05/2026;NULL;NULL;NULL;LO MAS VENDIDO;https://www.appsheet.com/template/gettablefileurl?appName=QHuboMor-7868274&tableName=PRODUCTOS&fileName=PRODUCTOS_Images/8a734bcd.Image.232649.jpg;Shot de tequila;NULL;8a734bcd;NULL;cmom4whz80000k0qnjs8qb3sc
cmomkt1no002taupgvd6d2vu8;cmomkt13b002raupg8725n3th;LO MAS VENDIDO;Normal 12 Onz Con licor;1;$12,000.00;$12,000.00;PAGADO;NULL;NULL;1/05/2026;NULL;NULL;NULL;LO MAS VENDIDO;https://www.appsheet.com/template/gettablefileurl?appName=QHuboMor-7868274&tableName=PRODUCTOS&fileName=PRODUCTOS_Images/9f390fc10.Image.145058.png;Normal 12 Onz Con licor;NULL;9f390fc10;NULL;cmom4whz80000k0qnjs8qb3sc
cmomkz6er002xaupg1d9fgmoc;cmomkz5vq002vaupgaaepselq;LO MAS VENDIDO;Normal 12 Onz Con licor;1;$12,000.00;$12,000.00;TOMADO;NULL;NULL;1/05/2026;NULL;NULL;NULL;LO MAS VENDIDO;https://www.appsheet.com/template/gettablefileurl?appName=QHuboMor-7868274&tableName=PRODUCTOS&fileName=PRODUCTOS_Images/9f390fc10.Image.145058.png;Normal 12 Onz Con licor;NULL;9f390fc10;NULL;cmom4whz80000k0qnjs8qb3sc
cmoml12jk0031aupglzt1mztb;cmoml11yz002zaupgshfu5tf1;LO MAS VENDIDO;Normal 12 Onz Con licor;1;$12,000.00;$12,000.00;TOMADO;NULL;NULL;1/05/2026;NULL;NULL;NULL;LO MAS VENDIDO;https://www.appsheet.com/template/gettablefileurl?appName=QHuboMor-7868274&tableName=PRODUCTOS&fileName=PRODUCTOS_Images/9f390fc10.Image.145058.png;Normal 12 Onz Con licor;NULL;9f390fc10;NULL;cmom4whz80000k0qnjs8qb3sc
cmoml7psd0035aupg0e80e06a;cmoml7p7q0033aupg9oi1er4r;LO MAS VENDIDO;Normal 12 Onz Con licor;1;$12,000.00;$12,000.00;TOMADO;NULL;NULL;1/05/2026;NULL;NULL;NULL;LO MAS VENDIDO;https://www.appsheet.com/template/gettablefileurl?appName=QHuboMor-7868274&tableName=PRODUCTOS&fileName=PRODUCTOS_Images/9f390fc10.Image.145058.png;Normal 12 Onz Con licor;NULL;9f390fc10;NULL;cmom4whz80000k0qnjs8qb3sc
cmomlvxu80003j86uw51n8kz2;cmomlvx9q0001j86ucxqq95sg;LO MAS VENDIDO;Normal 12 Onz Con licor;1;$12,000.00;$12,000.00;TOMADO;NULL;NULL;1/05/2026;NULL;NULL;NULL;LO MAS VENDIDO;https://www.appsheet.com/template/gettablefileurl?appName=QHuboMor-7868274&tableName=PRODUCTOS&fileName=PRODUCTOS_Images/9f390fc10.Image.145058.png;Normal 12 Onz Con licor;NULL;9f390fc10;NULL;cmom4whz80000k0qnjs8qb3sc
cmonip6c30003nus5oslyench;cmonip5pm0001nus54np4pj1v;LO MAS VENDIDO;Normal 12 Onz Con licor;1;$12,000.00;$12,000.00;TOMADO;NULL;NULL;1/05/2026;NULL;NULL;NULL;LO MAS VENDIDO;https://www.appsheet.com/template/gettablefileurl?appName=QHuboMor-7868274&tableName=PRODUCTOS&fileName=PRODUCTOS_Images/9f390fc10.Image.145058.png;Normal 12 Onz Con licor;NULL;9f390fc10;NULL;cmom4whz80000k0qnjs8qb3sc
cmonjlr7w00031vdayx6ihlmc;cmonjlqlu00011vdackecdkpb;LO MAS VENDIDO;Normal 12 Onz Con licor;1;$12,000.00;$12,000.00;TOMADO;NULL;NULL;1/05/2026;NULL;NULL;NULL;LO MAS VENDIDO;https://www.appsheet.com/template/gettablefileurl?appName=QHuboMor-7868274&tableName=PRODUCTOS&fileName=PRODUCTOS_Images/9f390fc10.Image.145058.png;Normal 12 Onz Con licor;NULL;9f390fc10;NULL;cmom4whz80000k0qnjs8qb3sc
cmonjmyzl00071vdagzww19hs;cmonjmydk00051vda7vizd2df;LO MAS VENDIDO;Normal 12 Onz Con licor;4;$12,000.00;$48,000.00;TOMADO;NULL;NULL;1/05/2026;NULL;NULL;NULL;LO MAS VENDIDO;https://www.appsheet.com/template/gettablefileurl?appName=QHuboMor-7868274&tableName=PRODUCTOS&fileName=PRODUCTOS_Images/9f390fc10.Image.145058.png;Normal 12 Onz Con licor;NULL;9f390fc10;NULL;cmom4whz80000k0qnjs8qb3sc
cmonjodre000b1vdaswfv1ykq;cmonjod5700091vda6t2jl933;LO MAS VENDIDO;Normal 12 Onz Con licor;4;$12,000.00;$48,000.00;PAGADO;NULL;NULL;1/05/2026;NULL;NULL;NULL;LO MAS VENDIDO;https://www.appsheet.com/template/gettablefileurl?appName=QHuboMor-7868274&tableName=PRODUCTOS&fileName=PRODUCTOS_Images/9f390fc10.Image.145058.png;Normal 12 Onz Con licor;NULL;9f390fc10;NULL;cmom4whz80000k0qnjs8qb3sc
cmonjodww000d1vdaoz1z5n1j;cmonjod5700091vda6t2jl933;CREMOSOS;Cremoso 13 Onz;1;$14,000.00;$14,000.00;PAGADO;NULL;NULL;1/05/2026;NULL;NULL;NULL;CREMOSOS;https://www.appsheet.com/template/gettablefileurl?appName=QHuboMor-7868274&tableName=PRODUCTOS&fileName=PRODUCTOS_Images/9f390fc13.Image.145144.png;Cremoso 13 Onz;NULL;9f390fc13;NULL;cmom4whz80000k0qnjs8qb3sc
cmonjsidj000i1vda2cyqcpwt;cmonjshrd000f1vda1c20ro7b;LO MAS VENDIDO;Normal 12 Onz Con licor;1;$12,000.00;$12,000.00;PAGADO;NULL;NULL;1/05/2026;NULL;NULL;NULL;LO MAS VENDIDO;https://www.appsheet.com/template/gettablefileurl?appName=QHuboMor-7868274&tableName=PRODUCTOS&fileName=PRODUCTOS_Images/9f390fc10.Image.145058.png;Normal 12 Onz Con licor;NULL;9f390fc10;NULL;cmom4whz80000k0qnjs8qb3sc
cmonjsidj000j1vdalz84l8k7;cmonjshrd000f1vda1c20ro7b;LO MAS VENDIDO;Shot de tequila;1;$5,000.00;$5,000.00;PAGADO;NULL;NULL;1/05/2026;NULL;NULL;NULL;LO MAS VENDIDO;https://www.appsheet.com/template/gettablefileurl?appName=QHuboMor-7868274&tableName=PRODUCTOS&fileName=PRODUCTOS_Images/8a734bcd.Image.232649.jpg;Shot de tequila;NULL;8a734bcd;NULL;cmom4whz80000k0qnjs8qb3sc
cmonkv23l0003gpmo4l2y9eng;cmonkv1he0001gpmoywv7839x;LO MAS VENDIDO;Normal 12 Onz Con licor;1;$12,000.00;$12,000.00;TOMADO;NULL;NULL;2/05/2026;NULL;NULL;NULL;LO MAS VENDIDO;https://www.appsheet.com/template/gettablefileurl?appName=QHuboMor-7868274&tableName=PRODUCTOS&fileName=PRODUCTOS_Images/9f390fc10.Image.145058.png;Normal 12 Onz Con licor;NULL;9f390fc10;NULL;cmom4whz80000k0qnjs8qb3sc
cmonkyrgm0007gpmogd8zcujj;cmonkyqul0005gpmo5bzwgi6k;LO MAS VENDIDO;Normal 12 Onz Con licor;1;$12,000.00;$12,000.00;PAGADO;NULL;NULL;2/05/2026;NULL;NULL;NULL;LO MAS VENDIDO;https://www.appsheet.com/template/gettablefileurl?appName=QHuboMor-7868274&tableName=PRODUCTOS&fileName=PRODUCTOS_Images/9f390fc10.Image.145058.png;Normal 12 Onz Con licor;NULL;9f390fc10;NULL;cmom4whz80000k0qnjs8qb3sc
cmonlq4j2000bgpmo9fri1gnj;cmonlq3wz0009gpmob31wqevb;LO MAS VENDIDO;Shot de tequila;1;$5,000.00;$5,000.00;TOMADO;NULL;NULL;2/05/2026;NULL;NULL;NULL;LO MAS VENDIDO;https://www.appsheet.com/template/gettablefileurl?appName=QHuboMor-7868274&tableName=PRODUCTOS&fileName=PRODUCTOS_Images/8a734bcd.Image.232649.jpg;Shot de tequila;NULL;8a734bcd;NULL;cmom4whz80000k0qnjs8qb3sc
cmonoqjm500032x79n28a381v;cmonoqizz00012x79rjim1i4e;LO MAS VENDIDO;Normal 12 Onz Con licor;1;$12,000.00;$12,000.00;TOMADO;NULL;NULL;2/05/2026;NULL;NULL;NULL;LO MAS VENDIDO;https://www.appsheet.com/template/gettablefileurl?appName=QHuboMor-7868274&tableName=PRODUCTOS&fileName=PRODUCTOS_Images/9f390fc10.Image.145058.png;Normal 12 Onz Con licor;NULL;9f390fc10;NULL;cmom4whz80000k0qnjs8qb3sc
cmonot7ch00092x79umf6h4qy;cmonot6q900072x79mfzycug9;LO MAS VENDIDO;Normal 12 Onz Con licor;1;$12,000.00;$12,000.00;TOMADO;NULL;NULL;2/05/2026;NULL;NULL;NULL;LO MAS VENDIDO;https://www.appsheet.com/template/gettablefileurl?appName=QHuboMor-7868274&tableName=PRODUCTOS&fileName=PRODUCTOS_Images/9f390fc10.Image.145058.png;Normal 12 Onz Con licor;NULL;9f390fc10;NULL;cmom4whz80000k0qnjs8qb3sc
cmonot848000b2x79z8crp2r6;cmonot6q900072x79mfzycug9;LO MAS VENDIDO;Normal 12 Onz Sin licor;2;$8,000.00;$16,000.00;TOMADO;NULL;NULL;2/05/2026;NULL;NULL;NULL;LO MAS VENDIDO;https://www.appsheet.com/template/gettablefileurl?appName=QHuboMor-7868274&tableName=PRODUCTOS&fileName=PRODUCTOS_Images/9f390fc16.Image.145450.png;Normal 12 Onz Sin licor;NULL;9f390fc16;NULL;cmom4whz80000k0qnjs8qb3sc
cmonrabon000f2x79eqdp2aek;cmonrab2l000d2x796ccpkkmc;LO MAS VENDIDO;Normal 12 Onz Con licor;1;$12,000.00;$12,000.00;PAGADO;NULL;NULL;2/05/2026;NULL;NULL;NULL;LO MAS VENDIDO;https://www.appsheet.com/template/gettablefileurl?appName=QHuboMor-7868274&tableName=PRODUCTOS&fileName=PRODUCTOS_Images/9f390fc10.Image.145058.png;Normal 12 Onz Con licor;NULL;9f390fc10;NULL;cmom4whz80000k0qnjs8qb3sc
cmons09cd000j2x79w8pdrmr2;cmons08q6000h2x79lozsj7e5;LO MAS VENDIDO;Normal 12 Onz Con licor;1;$12,000.00;$12,000.00;PAGADO;NULL;NULL;2/05/2026;NULL;NULL;NULL;LO MAS VENDIDO;https://www.appsheet.com/template/gettablefileurl?appName=QHuboMor-7868274&tableName=PRODUCTOS&fileName=PRODUCTOS_Images/9f390fc10.Image.145058.png;Normal 12 Onz Con licor;NULL;9f390fc10;NULL;cmom4whz80000k0qnjs8qb3sc
cmonscxvf000n2x79zspaufd8;cmonscx9d000l2x792gew94rk;LO MAS VENDIDO;Normal 12 Onz Con licor;1;$12,000.00;$12,000.00;PAGADO;NULL;NULL;2/05/2026;NULL;NULL;NULL;LO MAS VENDIDO;https://www.appsheet.com/template/gettablefileurl?appName=QHuboMor-7868274&tableName=PRODUCTOS&fileName=PRODUCTOS_Images/9f390fc10.Image.145058.png;Normal 12 Onz Con licor;NULL;9f390fc10;NULL;cmom4whz80000k0qnjs8qb3sc
cmonsu37f0003148nkuawbe9s;cmonsu2l70001148nfcfxnup9;LO MAS VENDIDO;Normal 12 Onz Con licor;1;$12,000.00;$12,000.00;PAGADO;NULL;NULL;2/05/2026;NULL;NULL;NULL;LO MAS VENDIDO;https://www.appsheet.com/template/gettablefileurl?appName=QHuboMor-7868274&tableName=PRODUCTOS&fileName=PRODUCTOS_Images/9f390fc10.Image.145058.png;Normal 12 Onz Con licor;NULL;9f390fc10;NULL;cmom4whz80000k0qnjs8qb3sc
cmont6tuy0003py5v0v7hfsrg;cmont6t8u0001py5v1meobhab;LO MAS VENDIDO;Normal 12 Onz Sin licor;1;$8,000.00;$8,000.00;PAGADO;NULL;NULL;2/05/2026;NULL;NULL;NULL;LO MAS VENDIDO;https://www.appsheet.com/template/gettablefileurl?appName=QHuboMor-7868274&tableName=PRODUCTOS&fileName=PRODUCTOS_Images/9f390fc16.Image.145450.png;Normal 12 Onz Sin licor;NULL;9f390fc16;NULL;cmom4whz80000k0qnjs8qb3sc
cmont7zhs0007py5vo1jrqwzl;cmont7z6q0005py5vwdaqa6l0;LO MAS VENDIDO;Shot de tequila;1;$5,000.00;$5,000.00;PAGADO;NULL;NULL;2/05/2026;NULL;NULL;NULL;LO MAS VENDIDO;https://www.appsheet.com/template/gettablefileurl?appName=QHuboMor-7868274&tableName=PRODUCTOS&fileName=PRODUCTOS_Images/8a734bcd.Image.232649.jpg;Shot de tequila;NULL;8a734bcd;NULL;cmom4whz80000k0qnjs8qb3sc
cmontoxgc000bpy5vv66a46ay;cmontowow0009py5vkqbk9p4s;LO MAS VENDIDO;Shot de tequila;1;$5,000.00;$5,000.00;PAGADO;NULL;NULL;2/05/2026;NULL;NULL;NULL;LO MAS VENDIDO;https://www.appsheet.com/template/gettablefileurl?appName=QHuboMor-7868274&tableName=PRODUCTOS&fileName=PRODUCTOS_Images/8a734bcd.Image.232649.jpg;Shot de tequila;NULL;8a734bcd;NULL;cmom4whz80000k0qnjs8qb3sc
cmontxovg000fpy5vy5xa1u49;cmontxo9g000dpy5vzjonif7s;CREMOSOS;Cremoso 24 Onz;1;$20,000.00;$20,000.00;PAGADO;NULL;NULL;2/05/2026;NULL;NULL;NULL;CREMOSOS;https://www.appsheet.com/template/gettablefileurl?appName=QHuboMor-7868274&tableName=PRODUCTOS&fileName=PRODUCTOS_Images/9f390fc14.Image.145200.png;Cremoso 24 Onz;NULL;9f390fc14;NULL;cmom4whz80000k0qnjs8qb3sc
cmonualyy000jpy5v5s9e6a7t;cmonuald9000hpy5vg5aoc2p4;LO MAS VENDIDO;Normal 12 Onz Con licor;1;$12,000.00;$12,000.00;PAGADO;NULL;NULL;2/05/2026;NULL;NULL;NULL;LO MAS VENDIDO;https://www.appsheet.com/template/gettablefileurl?appName=QHuboMor-7868274&tableName=PRODUCTOS&fileName=PRODUCTOS_Images/9f390fc10.Image.145058.png;Normal 12 Onz Con licor;NULL;9f390fc10;NULL;cmom4whz80000k0qnjs8qb3sc
cmonuayq6000npy5vyax0nec1;cmonuay41000lpy5vco94zqtn;LO MAS VENDIDO;Shot de tequila;1;$5,000.00;$5,000.00;PAGADO;NULL;NULL;2/05/2026;NULL;NULL;NULL;LO MAS VENDIDO;https://www.appsheet.com/template/gettablefileurl?appName=QHuboMor-7868274&tableName=PRODUCTOS&fileName=PRODUCTOS_Images/8a734bcd.Image.232649.jpg;Shot de tequila;NULL;8a734bcd;NULL;cmom4whz80000k0qnjs8qb3sc
cmonufkse000rpy5vtqw53fvd;cmonufk6p000ppy5vzr8sjg3y;LO MAS VENDIDO;Shot de tequila;1;$5,000.00;$5,000.00;PAGADO;NULL;NULL;2/05/2026;NULL;NULL;NULL;LO MAS VENDIDO;https://www.appsheet.com/template/gettablefileurl?appName=QHuboMor-7868274&tableName=PRODUCTOS&fileName=PRODUCTOS_Images/8a734bcd.Image.232649.jpg;Shot de tequila;NULL;8a734bcd;NULL;cmom4whz80000k0qnjs8qb3sc
cmonuiiju000vpy5v06wzabhq;cmonuihy1000tpy5v9hi2t9ir;LO MAS VENDIDO;Normal 12 Onz Sin licor;1;$8,000.00;$8,000.00;PAGADO;NULL;NULL;2/05/2026;NULL;NULL;NULL;LO MAS VENDIDO;https://www.appsheet.com/template/gettablefileurl?appName=QHuboMor-7868274&tableName=PRODUCTOS&fileName=PRODUCTOS_Images/9f390fc16.Image.145450.png;Normal 12 Onz Sin licor;NULL;9f390fc16;NULL;cmom4whz80000k0qnjs8qb3sc
cmonupsn6000zpy5v2ddkkyh8;cmonups17000xpy5vbhtkhp6w;LO MAS VENDIDO;Adicional de gomas;1;$2,000.00;$2,000.00;PAGADO;NULL;NULL;2/05/2026;NULL;NULL;NULL;LO MAS VENDIDO;PRODUCTOS_Images/b5a797f3.Image.183751.jpg;Adicional de gomas;NULL;b5a797f3;NULL;cmom4whz80000k0qnjs8qb3sc
cmonuzoh70003fx0xg8vlm3i2;cmonuznvf0001fx0xx688pgxg;LO MAS VENDIDO;Normal 12 Onz Con licor;1;$12,000.00;$12,000.00;PAGADO;NULL;NULL;2/05/2026;NULL;NULL;NULL;LO MAS VENDIDO;https://www.appsheet.com/template/gettablefileurl?appName=QHuboMor-7868274&tableName=PRODUCTOS&fileName=PRODUCTOS_Images/9f390fc10.Image.145058.png;Normal 12 Onz Con licor;NULL;9f390fc10;NULL;cmom4whz80000k0qnjs8qb3sc
cmonv00ja0007fx0x6diiwg9d;cmonuzzwv0005fx0x8uue878r;LO MAS VENDIDO;Normal 12 Onz Con licor;1;$12,000.00;$12,000.00;PAGADO;NULL;NULL;2/05/2026;NULL;NULL;NULL;LO MAS VENDIDO;https://www.appsheet.com/template/gettablefileurl?appName=QHuboMor-7868274&tableName=PRODUCTOS&fileName=PRODUCTOS_Images/9f390fc10.Image.145058.png;Normal 12 Onz Con licor;NULL;9f390fc10;NULL;cmom4whz80000k0qnjs8qb3sc
cmortbe850006bonkt5z6g6ia;cmortbdom0004bonk1hl56msy;LO MAS VENDIDO;Normal 12 Onz Con licor;1;$12,000.00;$12,000.00;PAGADO;NULL;NULL;4/05/2026;NULL;NULL;NULL;LO MAS VENDIDO;https://www.appsheet.com/template/gettablefileurl?appName=QHuboMor-7868274&tableName=PRODUCTOS&fileName=PRODUCTOS_Images/9f390fc10.Image.145058.png;Normal 12 Onz Con licor;NULL;9f390fc10;NULL;cmom4whz80000k0qnjs8qb3sc
cmortg46n000abonkwb6vawkq;cmortg3m50008bonk9cahvp88;LO MAS VENDIDO;Normal 16 Onz;1;$16,000.00;$16,000.00;PAGADO;NULL;NULL;4/05/2026;NULL;NULL;NULL;LO MAS VENDIDO;https://www.appsheet.com/template/gettablefileurl?appName=QHuboMor-7868274&tableName=PRODUCTOS&fileName=PRODUCTOS_Images/9f390fc11.Image.145620.png;Normal 16 Onz;NULL;9f390fc11;NULL;cmom4whz80000k0qnjs8qb3sc
cmortg4v2000cbonkg0lncf2a;cmortg3m50008bonk9cahvp88;LO MAS VENDIDO;Shot de tequila;1;$5,000.00;$5,000.00;PAGADO;NULL;NULL;4/05/2026;NULL;NULL;NULL;LO MAS VENDIDO;https://www.appsheet.com/template/gettablefileurl?appName=QHuboMor-7868274&tableName=PRODUCTOS&fileName=PRODUCTOS_Images/8a734bcd.Image.232649.jpg;Shot de tequila;NULL;8a734bcd;NULL;cmom4whz80000k0qnjs8qb3sc
cmortg4vj000ebonkp4pkgvhx;cmortg3m50008bonk9cahvp88;CREMOSOS;Cremoso 24 Onz;1;$20,000.00;$20,000.00;PAGADO;NULL;NULL;4/05/2026;NULL;NULL;NULL;CREMOSOS;https://www.appsheet.com/template/gettablefileurl?appName=QHuboMor-7868274&tableName=PRODUCTOS&fileName=PRODUCTOS_Images/9f390fc14.Image.145200.png;Cremoso 24 Onz;NULL;9f390fc14;NULL;cmom4whz80000k0qnjs8qb3sc
cmoru5ow00003pccsmncbipma;cmoru5obl0001pccszs3jcfst;LO MAS VENDIDO;Normal 12 Onz Con licor;1;$12,000.00;$12,000.00;PAGADO;NULL;NULL;4/05/2026;NULL;NULL;NULL;LO MAS VENDIDO;https://www.appsheet.com/template/gettablefileurl?appName=QHuboMor-7868274&tableName=PRODUCTOS&fileName=PRODUCTOS_Images/9f390fc10.Image.145058.png;Normal 12 Onz Con licor;NULL;9f390fc10;NULL;cmom4whz80000k0qnjs8qb3sc
cmoru5p0u0005pccsagr8f9pa;cmoru5obl0001pccszs3jcfst;LO MAS VENDIDO;Normal 16 Onz;1;$16,000.00;$16,000.00;PAGADO;NULL;NULL;4/05/2026;NULL;NULL;NULL;LO MAS VENDIDO;https://www.appsheet.com/template/gettablefileurl?appName=QHuboMor-7868274&tableName=PRODUCTOS&fileName=PRODUCTOS_Images/9f390fc11.Image.145620.png;Normal 16 Onz;NULL;9f390fc11;NULL;cmom4whz80000k0qnjs8qb3sc
cmoru5plo0007pccsjkwz2tu0;cmoru5obl0001pccszs3jcfst;LO MAS VENDIDO;Normal 12 Onz Sin licor;1;$8,000.00;$8,000.00;PAGADO;NULL;NULL;4/05/2026;NULL;NULL;NULL;LO MAS VENDIDO;https://www.appsheet.com/template/gettablefileurl?appName=QHuboMor-7868274&tableName=PRODUCTOS&fileName=PRODUCTOS_Images/9f390fc16.Image.145450.png;Normal 12 Onz Sin licor;NULL;9f390fc16;NULL;cmom4whz80000k0qnjs8qb3sc
cmorvxl360003exieb3n1umax;cmorvxkjk0001exiep95cer5m;LO MAS VENDIDO;Normal 12 Onz Con licor;1;$12,000.00;$12,000.00;TOMADO;NULL;NULL;5/05/2026;NULL;NULL;NULL;LO MAS VENDIDO;https://www.appsheet.com/template/gettablefileurl?appName=QHuboMor-7868274&tableName=PRODUCTOS&fileName=PRODUCTOS_Images/9f390fc10.Image.145058.png;Normal 12 Onz Con licor;NULL;9f390fc10;NULL;cmom4whz80000k0qnjs8qb3sc
cmorvxmkf0005exie9o2nya4v;cmorvxkjk0001exiep95cer5m;LO MAS VENDIDO;Tapas domicilio;1;$1,000.00;$1,000.00;TOMADO;NULL;NULL;5/05/2026;NULL;NULL;NULL;LO MAS VENDIDO;PRODUCTOS_Images/e852ea91.Image.183922.jpg;Tapas domicilio;NULL;e852ea91;NULL;cmom4whz80000k0qnjs8qb3sc
cmorxlcy40009exies4sf4qb4;cmorxlcdc0007exiee4pvacte;LO MAS VENDIDO;Normal 12 Onz Con licor;1;$12,000.00;$12,000.00;PAGADO;NULL;NULL;5/05/2026;NULL;NULL;NULL;LO MAS VENDIDO;https://www.appsheet.com/template/gettablefileurl?appName=QHuboMor-7868274&tableName=PRODUCTOS&fileName=PRODUCTOS_Images/9f390fc10.Image.145058.png;Normal 12 Onz Con licor;NULL;9f390fc10;NULL;cmom4whz80000k0qnjs8qb3sc
cmorxld2s000bexievv374hpo;cmorxlcdc0007exiee4pvacte;LO MAS VENDIDO;Normal 12 Onz Sin licor;1;$8,000.00;$8,000.00;PAGADO;NULL;NULL;5/05/2026;NULL;NULL;NULL;LO MAS VENDIDO;https://www.appsheet.com/template/gettablefileurl?appName=QHuboMor-7868274&tableName=PRODUCTOS&fileName=PRODUCTOS_Images/9f390fc16.Image.145450.png;Normal 12 Onz Sin licor;NULL;9f390fc16;NULL;cmom4whz80000k0qnjs8qb3sc
cmos0eoeo000fexie2yy791z1;cmos0enuy000dexiejdh3kxbx;LO MAS VENDIDO;Normal 12 Onz Con licor;1;$12,000.00;$12,000.00;PAGADO;NULL;NULL;5/05/2026;NULL;NULL;NULL;LO MAS VENDIDO;https://www.appsheet.com/template/gettablefileurl?appName=QHuboMor-7868274&tableName=PRODUCTOS&fileName=PRODUCTOS_Images/9f390fc10.Image.145058.png;Normal 12 Onz Con licor;NULL;9f390fc10;NULL;cmom4whz80000k0qnjs8qb3sc
cmos0yto9000jexiejlh6monq;cmos0yt4n000hexie6d7v92yf;LO MAS VENDIDO;Normal 12 Onz Con licor;1;$12,000.00;$12,000.00;PAGADO;NULL;NULL;5/05/2026;NULL;NULL;NULL;LO MAS VENDIDO;https://www.appsheet.com/template/gettablefileurl?appName=QHuboMor-7868274&tableName=PRODUCTOS&fileName=PRODUCTOS_Images/9f390fc10.Image.145058.png;Normal 12 Onz Con licor;NULL;9f390fc10;NULL;cmom4whz80000k0qnjs8qb3sc
cmos11mtf000314mhorna6blm;cmos11m9j000114mhv3i4yp0p;LO MAS VENDIDO;Normal 12 Onz Con licor;1;$12,000.00;$12,000.00;PAGADO;NULL;NULL;5/05/2026;NULL;NULL;NULL;LO MAS VENDIDO;https://www.appsheet.com/template/gettablefileurl?appName=QHuboMor-7868274&tableName=PRODUCTOS&fileName=PRODUCTOS_Images/9f390fc10.Image.145058.png;Normal 12 Onz Con licor;NULL;9f390fc10;NULL;cmom4whz80000k0qnjs8qb3sc
cmos11nhz000514mhu175jk8s;cmos11m9j000114mhv3i4yp0p;LO MAS VENDIDO;Normal 12 Onz Sin licor;1;$8,000.00;$8,000.00;PAGADO;NULL;NULL;5/05/2026;NULL;NULL;NULL;LO MAS VENDIDO;https://www.appsheet.com/template/gettablefileurl?appName=QHuboMor-7868274&tableName=PRODUCTOS&fileName=PRODUCTOS_Images/9f390fc16.Image.145450.png;Normal 12 Onz Sin licor;NULL;9f390fc16;NULL;cmom4whz80000k0qnjs8qb3sc
cmos12y2w000914mhanu6cddu;cmos12xj8000714mhjmoy0obl;LO MAS VENDIDO;Shot de tequila;1;$5,000.00;$5,000.00;PAGADO;NULL;NULL;5/05/2026;NULL;NULL;NULL;LO MAS VENDIDO;https://www.appsheet.com/template/gettablefileurl?appName=QHuboMor-7868274&tableName=PRODUCTOS&fileName=PRODUCTOS_Images/8a734bcd.Image.232649.jpg;Shot de tequila;NULL;8a734bcd;NULL;cmom4whz80000k0qnjs8qb3sc
cmos12y7r000b14mhzebb70ni;cmos12xj8000714mhjmoy0obl;LO MAS VENDIDO;Normal 12 Onz Con licor;4;$12,000.00;$48,000.00;PAGADO;NULL;NULL;5/05/2026;NULL;NULL;NULL;LO MAS VENDIDO;https://www.appsheet.com/template/gettablefileurl?appName=QHuboMor-7868274&tableName=PRODUCTOS&fileName=PRODUCTOS_Images/9f390fc10.Image.145058.png;Normal 12 Onz Con licor;NULL;9f390fc10;NULL;cmom4whz80000k0qnjs8qb3sc
cmos12yqz000d14mh1ee7n7c8;cmos12xj8000714mhjmoy0obl;LO MAS VENDIDO;Tapas domicilio;1;$1,000.00;$1,000.00;PAGADO;NULL;NULL;5/05/2026;NULL;NULL;NULL;LO MAS VENDIDO;PRODUCTOS_Images/e852ea91.Image.183922.jpg;Tapas domicilio;NULL;e852ea91;NULL;cmom4whz80000k0qnjs8qb3sc
cmos15hkz000h14mhbh8b3wfj;cmos15h1u000f14mhk85a4fpt;LO MAS VENDIDO;Normal 12 Onz Con licor;5;$12,000.00;$60,000.00;PAGADO;NULL;NULL;5/05/2026;NULL;NULL;NULL;LO MAS VENDIDO;https://www.appsheet.com/template/gettablefileurl?appName=QHuboMor-7868274&tableName=PRODUCTOS&fileName=PRODUCTOS_Images/9f390fc10.Image.145058.png;Normal 12 Onz Con licor;NULL;9f390fc10;NULL;cmom4whz80000k0qnjs8qb3sc
cmos1dugr000l14mhzmrvdllq;cmos1dtxp000j14mhnoipzs34;LO MAS VENDIDO;Normal 12 Onz Con licor;1;$12,000.00;$12,000.00;PAGADO;NULL;NULL;5/05/2026;NULL;NULL;NULL;LO MAS VENDIDO;https://www.appsheet.com/template/gettablefileurl?appName=QHuboMor-7868274&tableName=PRODUCTOS&fileName=PRODUCTOS_Images/9f390fc10.Image.145058.png;Normal 12 Onz Con licor;NULL;9f390fc10;NULL;cmom4whz80000k0qnjs8qb3sc
cmos1ijv3000p14mh5mbtn0cv;cmos1ijbo000n14mhjn7jyl6m;LO MAS VENDIDO;Normal 24 Onz;3;$20,000.00;$60,000.00;PAGADO;NULL;NULL;5/05/2026;NULL;NULL;NULL;LO MAS VENDIDO;https://www.appsheet.com/template/gettablefileurl?appName=QHuboMor-7868274&tableName=PRODUCTOS&fileName=PRODUCTOS_Images/9f390fc12.Image.145116.png;Normal 24 Onz;NULL;9f390fc12;NULL;cmom4whz80000k0qnjs8qb3sc
cmos1ijzt000r14mhb9613dgy;cmos1ijbo000n14mhjn7jyl6m;LO MAS VENDIDO;Normal 12 Onz Con licor;2;$12,000.00;$24,000.00;PAGADO;NULL;NULL;5/05/2026;NULL;NULL;NULL;LO MAS VENDIDO;https://www.appsheet.com/template/gettablefileurl?appName=QHuboMor-7868274&tableName=PRODUCTOS&fileName=PRODUCTOS_Images/9f390fc10.Image.145058.png;Normal 12 Onz Con licor;NULL;9f390fc10;NULL;cmom4whz80000k0qnjs8qb3sc
cmos1ikjd000t14mh2dcju7uo;cmos1ijbo000n14mhjn7jyl6m;LO MAS VENDIDO;Normal 12 Onz Sin licor;2;$8,000.00;$16,000.00;PAGADO;NULL;NULL;5/05/2026;NULL;NULL;NULL;LO MAS VENDIDO;https://www.appsheet.com/template/gettablefileurl?appName=QHuboMor-7868274&tableName=PRODUCTOS&fileName=PRODUCTOS_Images/9f390fc16.Image.145450.png;Normal 12 Onz Sin licor;NULL;9f390fc16;NULL;cmom4whz80000k0qnjs8qb3sc
cmos1s3fo000y14mhiy81r6h4;cmos1s2wc000v14mhb98cbmya;LO MAS VENDIDO;Normal 12 Onz Sin licor;1;$8,000.00;$8,000.00;PAGADO;NULL;NULL;5/05/2026;NULL;NULL;NULL;LO MAS VENDIDO;https://www.appsheet.com/template/gettablefileurl?appName=QHuboMor-7868274&tableName=PRODUCTOS&fileName=PRODUCTOS_Images/9f390fc16.Image.145450.png;Normal 12 Onz Sin licor;NULL;9f390fc16;NULL;cmom4whz80000k0qnjs8qb3sc
cmos1s3fo000z14mhelln0uj4;cmos1s2wc000v14mhb98cbmya;LO MAS VENDIDO;Normal 12 Onz Con licor;1;$12,000.00;$12,000.00;PAGADO;NULL;NULL;5/05/2026;NULL;NULL;NULL;LO MAS VENDIDO;https://www.appsheet.com/template/gettablefileurl?appName=QHuboMor-7868274&tableName=PRODUCTOS&fileName=PRODUCTOS_Images/9f390fc10.Image.145058.png;Normal 12 Onz Con licor;NULL;9f390fc10;NULL;cmom4whz80000k0qnjs8qb3sc
cmos1sgfn001314mhx04x5xcm;cmos1sg16001114mhi0i5p6my;LO MAS VENDIDO;Normal 12 Onz Con licor;1;$12,000.00;$12,000.00;PAGADO;NULL;NULL;5/05/2026;NULL;NULL;NULL;LO MAS VENDIDO;https://www.appsheet.com/template/gettablefileurl?appName=QHuboMor-7868274&tableName=PRODUCTOS&fileName=PRODUCTOS_Images/9f390fc10.Image.145058.png;Normal 12 Onz Con licor;NULL;9f390fc10;NULL;cmom4whz80000k0qnjs8qb3sc
cmot4d0ll0003dpqshx0txbnm;cmot4d0160001dpqs0wa917sq;LO MAS VENDIDO;Normal 12 Onz Sin licor;5;$8,000.00;$40,000.00;PAGADO;NULL;NULL;5/05/2026;NULL;NULL;NULL;LO MAS VENDIDO;https://www.appsheet.com/template/gettablefileurl?appName=QHuboMor-7868274&tableName=PRODUCTOS&fileName=PRODUCTOS_Images/9f390fc16.Image.145450.png;Normal 12 Onz Sin licor;NULL;9f390fc16;NULL;cmom4whz80000k0qnjs8qb3sc
cmot4d1a50005dpqs1l29iak5;cmot4d0160001dpqs0wa917sq;LO MAS VENDIDO;Normal 24 Onz;1;$20,000.00;$20,000.00;PAGADO;NULL;NULL;5/05/2026;NULL;NULL;NULL;LO MAS VENDIDO;https://www.appsheet.com/template/gettablefileurl?appName=QHuboMor-7868274&tableName=PRODUCTOS&fileName=PRODUCTOS_Images/9f390fc12.Image.145116.png;Normal 24 Onz;NULL;9f390fc12;NULL;cmom4whz80000k0qnjs8qb3sc
cmot4d1b10008dpqs8rjl29xb;cmot4d0160001dpqs0wa917sq;LO MAS VENDIDO;Normal 16 Onz;1;$16,000.00;$16,000.00;PAGADO;NULL;NULL;5/05/2026;NULL;NULL;NULL;LO MAS VENDIDO;https://www.appsheet.com/template/gettablefileurl?appName=QHuboMor-7868274&tableName=PRODUCTOS&fileName=PRODUCTOS_Images/9f390fc11.Image.145620.png;Normal 16 Onz;NULL;9f390fc11;NULL;cmom4whz80000k0qnjs8qb3sc
cmot4d1b10009dpqsg6kcynji;cmot4d0160001dpqs0wa917sq;LO MAS VENDIDO;Normal 12 Onz Con licor;4;$12,000.00;$48,000.00;PAGADO;NULL;NULL;5/05/2026;NULL;NULL;NULL;LO MAS VENDIDO;https://www.appsheet.com/template/gettablefileurl?appName=QHuboMor-7868274&tableName=PRODUCTOS&fileName=PRODUCTOS_Images/9f390fc10.Image.145058.png;Normal 12 Onz Con licor;NULL;9f390fc10;NULL;cmom4whz80000k0qnjs8qb3sc
cmot4rdnz0003sr3qgun7xxt8;cmot4rd420001sr3qaiovtgun;LO MAS VENDIDO;Normal 12 Onz Con licor;1;$12,000.00;$12,000.00;PAGADO;NULL;NULL;5/05/2026;NULL;NULL;NULL;LO MAS VENDIDO;https://www.appsheet.com/template/gettablefileurl?appName=QHuboMor-7868274&tableName=PRODUCTOS&fileName=PRODUCTOS_Images/9f390fc10.Image.145058.png;Normal 12 Onz Con licor;NULL;9f390fc10;NULL;cmom4whz80000k0qnjs8qb3sc
cmot4rdsz0005sr3qw3lczlqo;cmot4rd420001sr3qaiovtgun;LO MAS VENDIDO;Tapas domicilio;1;$1,000.00;$1,000.00;PAGADO;NULL;NULL;5/05/2026;NULL;NULL;NULL;LO MAS VENDIDO;PRODUCTOS_Images/e852ea91.Image.183922.jpg;Tapas domicilio;NULL;e852ea91;NULL;cmom4whz80000k0qnjs8qb3sc
cmot4sfof0009sr3q0u8bu9k4;cmot4sf4s0007sr3qkc18zsxu;LO MAS VENDIDO;Tapas domicilio;2;$1,000.00;$2,000.00;PAGADO;NULL;NULL;5/05/2026;NULL;NULL;NULL;LO MAS VENDIDO;PRODUCTOS_Images/e852ea91.Image.183922.jpg;Tapas domicilio;NULL;e852ea91;NULL;cmom4whz80000k0qnjs8qb3sc
cmot4sft1000bsr3q3vrgex77;cmot4sf4s0007sr3qkc18zsxu;LO MAS VENDIDO;Normal 12 Onz Con licor;1;$12,000.00;$12,000.00;PAGADO;NULL;NULL;5/05/2026;NULL;NULL;NULL;LO MAS VENDIDO;https://www.appsheet.com/template/gettablefileurl?appName=QHuboMor-7868274&tableName=PRODUCTOS&fileName=PRODUCTOS_Images/9f390fc10.Image.145058.png;Normal 12 Onz Con licor;NULL;9f390fc10;NULL;cmom4whz80000k0qnjs8qb3sc
cmot4sh4a000dsr3qv69uk52d;cmot4sf4s0007sr3qkc18zsxu;LO MAS VENDIDO;Normal 12 Onz Sin licor;1;$8,000.00;$8,000.00;PAGADO;NULL;NULL;5/05/2026;NULL;NULL;NULL;LO MAS VENDIDO;https://www.appsheet.com/template/gettablefileurl?appName=QHuboMor-7868274&tableName=PRODUCTOS&fileName=PRODUCTOS_Images/9f390fc16.Image.145450.png;Normal 12 Onz Sin licor;NULL;9f390fc16;NULL;cmom4whz80000k0qnjs8qb3sc
cmot9rs3q000hsr3qrkpp3cl2;cmot9rrkm000fsr3qlaxn7jkw;LO MAS VENDIDO;Normal 12 Onz Sin licor;1;$8,000.00;$8,000.00;PAGADO;NULL;NULL;5/05/2026;NULL;NULL;NULL;LO MAS VENDIDO;https://www.appsheet.com/template/gettablefileurl?appName=QHuboMor-7868274&tableName=PRODUCTOS&fileName=PRODUCTOS_Images/9f390fc16.Image.145450.png;Normal 12 Onz Sin licor;NULL;9f390fc16;NULL;cmom4whz80000k0qnjs8qb3sc
cmot9rs8f000ksr3q5oe8laf4;cmot9rrkm000fsr3qlaxn7jkw;LO MAS VENDIDO;Normal 12 Onz Con licor;2;$12,000.00;$26,000.00;PAGADO;"[{""name"":""Perlas explosivas $2.000"",""price"":2000,""quantity"":1}]";NULL;5/05/2026;NULL;NULL;NULL;LO MAS VENDIDO;https://www.appsheet.com/template/gettablefileurl?appName=QHuboMor-7868274&tableName=PRODUCTOS&fileName=PRODUCTOS_Images/9f390fc10.Image.145058.png;Normal 12 Onz Con licor;NULL;9f390fc10;NULL;cmom4whz80000k0qnjs8qb3sc
cmot9rs8f000lsr3qj42ua6v0;cmot9rrkm000fsr3qlaxn7jkw;LO MAS VENDIDO;Tapas domicilio;1;$1,000.00;$1,000.00;PAGADO;NULL;NULL;5/05/2026;NULL;NULL;NULL;LO MAS VENDIDO;PRODUCTOS_Images/e852ea91.Image.183922.jpg;Tapas domicilio;NULL;e852ea91;NULL;cmom4whz80000k0qnjs8qb3sc
cmothx5zk000l13hpjy0wr72e;cmothx5av000j13hpd06jgy18;LO MAS VENDIDO;Tapas domicilio;1;$1,000.00;$1,000.00;PAGADO;NULL;NULL;6/05/2026;NULL;NULL;NULL;LO MAS VENDIDO;PRODUCTOS_Images/e852ea91.Image.183922.jpg;Tapas domicilio;NULL;e852ea91;NULL;cmom4whz80000k0qnjs8qb3sc
cmothx64i000n13hpkgwfl4c9;cmothx5av000j13hpd06jgy18;LO MAS VENDIDO;Normal 12 Onz Con licor;1;$12,000.00;$12,000.00;PAGADO;NULL;NULL;6/05/2026;NULL;NULL;NULL;LO MAS VENDIDO;https://www.appsheet.com/template/gettablefileurl?appName=QHuboMor-7868274&tableName=PRODUCTOS&fileName=PRODUCTOS_Images/9f390fc10.Image.145058.png;Normal 12 Onz Con licor;NULL;9f390fc10;NULL;cmom4whz80000k0qnjs8qb3sc
cmothxy9m000r13hpwm40y0za;cmothxxut000p13hpra4vi81x;LO MAS VENDIDO;Normal 12 Onz Sin licor;3;$8,000.00;$24,000.00;PAGADO;NULL;NULL;6/05/2026;NULL;NULL;NULL;LO MAS VENDIDO;https://www.appsheet.com/template/gettablefileurl?appName=QHuboMor-7868274&tableName=PRODUCTOS&fileName=PRODUCTOS_Images/9f390fc16.Image.145450.png;Normal 12 Onz Sin licor;NULL;9f390fc16;NULL;cmom4whz80000k0qnjs8qb3sc
cmothyf2m000v13hpmbktxbrm;cmothyeio000t13hp7v63foe8;LO MAS VENDIDO;Normal 12 Onz Con licor;1;$12,000.00;$12,000.00;PAGADO;NULL;NULL;6/05/2026;NULL;NULL;NULL;LO MAS VENDIDO;https://www.appsheet.com/template/gettablefileurl?appName=QHuboMor-7868274&tableName=PRODUCTOS&fileName=PRODUCTOS_Images/9f390fc10.Image.145058.png;Normal 12 Onz Con licor;NULL;9f390fc10;NULL;cmom4whz80000k0qnjs8qb3sc
cmothyf7l000x13hprba5cv1z;cmothyeio000t13hp7v63foe8;LO MAS VENDIDO;Normal 24 Onz;1;$20,000.00;$20,000.00;PAGADO;NULL;NULL;6/05/2026;NULL;NULL;NULL;LO MAS VENDIDO;https://www.appsheet.com/template/gettablefileurl?appName=QHuboMor-7868274&tableName=PRODUCTOS&fileName=PRODUCTOS_Images/9f390fc12.Image.145116.png;Normal 24 Onz;NULL;9f390fc12;NULL;cmom4whz80000k0qnjs8qb3sc
cmotikpsj001113hphodixo54;cmotikp8n000z13hpfqmcdbia;LO MAS VENDIDO;Normal 12 Onz Con licor;2;$12,000.00;$24,000.00;PAGADO;NULL;NULL;6/05/2026;NULL;NULL;NULL;LO MAS VENDIDO;https://www.appsheet.com/template/gettablefileurl?appName=QHuboMor-7868274&tableName=PRODUCTOS&fileName=PRODUCTOS_Images/9f390fc10.Image.145058.png;Normal 12 Onz Con licor;NULL;9f390fc10;NULL;cmom4whz80000k0qnjs8qb3sc
cmotixjzi0003rjjrji8xibvu;cmotixjfn0001rjjrg531ufr0;LO MAS VENDIDO;Normal 12 Onz Con licor;1;$12,000.00;$14,000.00;PAGADO;"[{""name"":""Perlas explosivas $2.000"",""price"":2000,""quantity"":1}]";NULL;6/05/2026;NULL;NULL;NULL;LO MAS VENDIDO;https://www.appsheet.com/template/gettablefileurl?appName=QHuboMor-7868274&tableName=PRODUCTOS&fileName=PRODUCTOS_Images/9f390fc10.Image.145058.png;Normal 12 Onz Con licor;NULL;9f390fc10;NULL;cmom4whz80000k0qnjs8qb3sc
