"IDproductos","Categoria","Categoria_Nombre","Nombre","Mostrar","Cantidad","Precio Unitario","Image","ImagenUrl","IDventas","Fecha de Cantidad agregada","Cantidad Agregada","Precio de compra","Unidades","Descontar","Combo","Llevar control en caja","Orden","Stock_Filtro"
"1d3a73ac","8896f461","CREMOSOS","PROMO 2","no",NULL,"$10,000.00","","https://www.appsheet.com/template/gettablefileurl?appName=QHuboMor-7868274&tableName=PRODUCTOS&fileName=",NULL,"2024-01-08 09:58:19",NULL,NULL,NULL,"NO LLEVARLE EL INVENTARIO","No","NO",NULL,NULL
"2061a24e","c871d8c7","MINIBOTELLAS","Jack daniels",NULL,NULL,"$15,000.00","",NULL,NULL,"2025-05-25 14:48:32",NULL,NULL,NULL,"NO LLEVARLE EL INVENTARIO","No","NO",NULL,NULL
"29ab6c8a","c871d8c7","MINIBOTELLAS","Absolut",NULL,NULL,"$10,000.00","",NULL,NULL,"2025-05-25 14:48:58",NULL,NULL,NULL,"NO LLEVARLE EL INVENTARIO","No","NO",NULL,NULL
"3ca2a346","8896f463","PROMOS","DIA DE LA MUJER LICOR","no",NULL,"$0.00","","https://www.appsheet.com/template/gettablefileurl?appName=QHuboMor-7868274&tableName=PRODUCTOS&fileName=",NULL,"2024-03-08 13:56:31",NULL,NULL,NULL,"NO LLEVARLE EL INVENTARIO","No","NO",10,NULL
"57f39b71","8896f463","PROMOS","PROMO cremoso 24 onz",NULL,NULL,"$20,000.00","","",NULL,"2025-01-24 16:33:40",NULL,NULL,NULL,"NO LLEVARLE EL INVENTARIO","No","NO",7,NULL
"5c0f4c51","8896f463","PROMOS","ADICIONAL GOMAS GRATIS",NULL,NULL,"$0.00","",NULL,NULL,"2025-12-20 14:26:06",NULL,NULL,NULL,"NO LLEVARLE EL INVENTARIO","No","NO",NULL,NULL
"8a734bcd","8896f462","LO MAS VENDIDO","Shot de tequila","si",NULL,"$5,000.00","PRODUCTOS_Images/8a734bcd.Image.232649.jpg","https://www.appsheet.com/template/gettablefileurl?appName=QHuboMor-7868274&tableName=PRODUCTOS&fileName=PRODUCTOS_Images/8a734bcd.Image.232649.jpg",NULL,"2024-03-30 19:47:46",NULL,NULL,NULL,"NO LLEVARLE EL INVENTARIO","No","SI",5,NULL
"8f6e9d39","8896f463","PROMOS","Extra shoot GRATIS",NULL,NULL,"$0.00","",NULL,NULL,"2025-12-20 14:25:32",NULL,NULL,NULL,"NO LLEVARLE EL INVENTARIO","No","NO",NULL,NULL
"8fe1afcd","8896f462","LO MAS VENDIDO","TAPA DE 24 ONZ",NULL,NULL,"$1,000.00","",NULL,NULL,"2026-01-10 15:24:42",NULL,NULL,NULL,"NO LLEVARLE EL INVENTARIO","No","NO",NULL,NULL
"9c172aed","8896f462","LO MAS VENDIDO","Paquete de fruta con Precio",NULL,NULL,"$2,000.00","PRODUCTOS_Images/9c172aed.Image.183629.png",NULL,NULL,"2025-05-25 14:46:12",NULL,NULL,NULL,"NO LLEVARLE EL INVENTARIO","No","SI",NULL,NULL
"9f390fc10","8896f462","LO MAS VENDIDO","Normal 12 Onz Con licor","si",NULL,"$12,000.00","PRODUCTOS_Images/9f390fc10.Image.145058.png","https://www.appsheet.com/template/gettablefileurl?appName=QHuboMor-7868274&tableName=PRODUCTOS&fileName=PRODUCTOS_Images/9f390fc10.Image.145058.png",NULL,NULL,NULL,NULL,NULL,"NO LLEVARLE EL INVENTARIO","No","SI",1,NULL
"9f390fc11","8896f462","LO MAS VENDIDO","Normal 16 Onz","si",NULL,"$16,000.00","PRODUCTOS_Images/9f390fc11.Image.145620.png","https://www.appsheet.com/template/gettablefileurl?appName=QHuboMor-7868274&tableName=PRODUCTOS&fileName=PRODUCTOS_Images/9f390fc11.Image.145620.png",NULL,NULL,NULL,NULL,NULL,"NO LLEVARLE EL INVENTARIO","No","SI",3,NULL
"9f390fc12","8896f462","LO MAS VENDIDO","Normal 24 Onz","si",NULL,"$20,000.00","PRODUCTOS_Images/9f390fc12.Image.145116.png","https://www.appsheet.com/template/gettablefileurl?appName=QHuboMor-7868274&tableName=PRODUCTOS&fileName=PRODUCTOS_Images/9f390fc12.Image.145116.png",NULL,NULL,NULL,NULL,NULL,"NO LLEVARLE EL INVENTARIO","No","SI",3,NULL
"9f390fc13","8896f461","CREMOSOS","Cremoso 13 Onz","si",NULL,"$14,000.00","PRODUCTOS_Images/9f390fc13.Image.145144.png","https://www.appsheet.com/template/gettablefileurl?appName=QHuboMor-7868274&tableName=PRODUCTOS&fileName=PRODUCTOS_Images/9f390fc13.Image.145144.png",NULL,NULL,NULL,NULL,NULL,"NO LLEVARLE EL INVENTARIO",NULL,"NO",4,NULL
"9f390fc14","8896f461","CREMOSOS","Cremoso 24 Onz","si",NULL,"$20,000.00","PRODUCTOS_Images/9f390fc14.Image.145200.png","https://www.appsheet.com/template/gettablefileurl?appName=QHuboMor-7868274&tableName=PRODUCTOS&fileName=PRODUCTOS_Images/9f390fc14.Image.145200.png",NULL,NULL,NULL,NULL,NULL,"NO LLEVARLE EL INVENTARIO",NULL,"NO",NULL,NULL
"9f390fc15","8896f463","PROMOS","Normal 12 Onz X 2","no",NULL,"$15,000.00","PRODUCTOS_Images/9f390fc15.Image.145458.png","https://www.appsheet.com/template/gettablefileurl?appName=QHuboMor-7868274&tableName=PRODUCTOS&fileName=PRODUCTOS_Images/9f390fc15.Image.145458.png",NULL,NULL,NULL,NULL,NULL,"NO LLEVARLE EL INVENTARIO","No","NO",NULL,NULL
"9f390fc16","8896f462","LO MAS VENDIDO","Normal 12 Onz Sin licor","si",NULL,"$8,000.00","PRODUCTOS_Images/9f390fc16.Image.145450.png","https://www.appsheet.com/template/gettablefileurl?appName=QHuboMor-7868274&tableName=PRODUCTOS&fileName=PRODUCTOS_Images/9f390fc16.Image.145450.png",NULL,NULL,NULL,NULL,NULL,"NO LLEVARLE EL INVENTARIO","No","SI",2,NULL
"a827d17a","c871d8c7","MINIBOTELLAS","Chivas Regal",NULL,NULL,"$20,000.00","",NULL,NULL,"2025-05-25 14:48:01",NULL,NULL,NULL,"NO LLEVARLE EL INVENTARIO","No","NO",NULL,NULL
"b4224687","8896f463","PROMOS","PROMO cremoso 12 onz",NULL,NULL,"$10,000.00","","",NULL,"2025-01-24 16:32:20",NULL,NULL,NULL,"NO LLEVARLE EL INVENTARIO","No","NO",6,NULL
"b5a797f3","8896f462","LO MAS VENDIDO","Adicional de gomas",NULL,NULL,"$2,000.00","PRODUCTOS_Images/b5a797f3.Image.183751.jpg",NULL,NULL,"2025-07-31 14:46:12",NULL,NULL,NULL,"NO LLEVARLE EL INVENTARIO","No","SI",0,NULL
"bbe5da0f","8896f463","PROMOS","PROMO ANIVERSARIO",NULL,NULL,"$8,000.00","PRODUCTOS_Images/bbe5da0f.Image.200935.jpg","",NULL,"2024-12-21 15:05:43",NULL,NULL,NULL,"NO LLEVARLE EL INVENTARIO","No","NO",9,NULL
"c9349148","8896f462","LO MAS VENDIDO","Paquete de fruta $0",NULL,NULL,"$0.00","PRODUCTOS_Images/c9349148.Image.183057.jpg",NULL,NULL,"2025-05-25 14:40:10",NULL,NULL,NULL,"NO LLEVARLE EL INVENTARIO","No","SI",NULL,NULL
"c9750253","8896f463","PROMOS","DIA DE LA MUJER SIN LICOR",NULL,NULL,"$0.00","",NULL,NULL,"2025-03-08 11:42:19",NULL,NULL,NULL,"NO LLEVARLE EL INVENTARIO","No","NO",10,NULL
"d69ec773","8896f461","CREMOSOS","Normal 13 Onz Sin licor",NULL,NULL,"$8,000.00","","",NULL,"2024-10-16 16:33:13",NULL,NULL,NULL,"NO LLEVARLE EL INVENTARIO","No","NO",11,NULL
"e852ea91","8896f462","LO MAS VENDIDO","Tapas domicilio",NULL,NULL,"$1,000.00","PRODUCTOS_Images/e852ea91.Image.183922.jpg",NULL,NULL,"2025-11-09 13:38:39",NULL,NULL,NULL,"NO LLEVARLE EL INVENTARIO","No","SI",0,NULL
